lng,lat,class,count
116.44,39.92,淫秽广告,26
116.45,39.92,淫秽广告,13
116.45,39.910000000000004,淫秽广告,286
116.31,40.08,代开发票或办证,7
116.46000000000001,39.93,淫秽广告,37
116.28,40.14,代开发票或办证,3
116.29,40.14,代开发票或办证,9
116.28,39.9,代开发票或办证,15
116.27,39.9,代开发票或办证,95
116.48,39.93,贷款广告,23
116.46000000000001,39.93,贷款广告,91
116.34,39.72,代开发票或办证,52
116.33,39.72,代开发票或办证,46
116.26,39.77,代开发票或办证,27
116.26,39.76,代开发票或办证,31
116.66,39.88,代开发票或办证,451
116.48,39.9,代开发票或办证,223
116.47,39.9,代开发票或办证,425
116.42,39.980000000000004,代开发票或办证,163
116.41,39.980000000000004,代开发票或办证,329
116.39,39.980000000000004,代开发票或办证,64
116.36,39.980000000000004,代开发票或办证,98
116.37,39.980000000000004,代开发票或办证,100
116.38,39.980000000000004,代开发票或办证,114
116.47,39.92,贷款广告,40
116.36,39.84,代开发票或办证,88
116.37,39.84,代开发票或办证,84
116.47,39.93,贷款广告,22
116.46000000000001,39.87,代开发票或办证,611
116.46000000000001,39.88,代开发票或办证,552
116.34,39.980000000000004,代开发票或办证,106
116.37,39.86,代开发票或办证,71
116.38,39.86,代开发票或办证,34
116.48,39.95,代开发票或办证,96
116.48,39.96,代开发票或办证,78
116.45,39.89,代开发票或办证,192
116.47,39.89,代开发票或办证,239
116.49000000000001,39.87,代开发票或办证,79
116.53,39.86,代开发票或办证,61
116.45,39.88,代开发票或办证,276
116.44,39.89,代开发票或办证,107
116.38,39.88,代开发票或办证,123
116.41,40.0,代开发票或办证,140
116.65,39.89,代开发票或办证,86
116.64,39.89,代开发票或办证,126
116.38,39.89,代开发票或办证,19
116.64,39.9,代开发票或办证,57
116.39,39.86,代开发票或办证,43
116.36,39.88,代开发票或办证,108
116.63,39.89,代开发票或办证,40
116.63,39.9,代开发票或办证,136
116.43,39.83,代开发票或办证,83
116.5,39.85,代开发票或办证,55
116.14,39.7,代开发票或办证,1
116.15,39.7,代开发票或办证,9
116.42,39.910000000000004,代开发票或办证,50
116.43,39.910000000000004,代开发票或办证,46
116.5,39.92,代开发票或办证,314
116.35000000000001,39.88,代开发票或办证,105
116.64,39.88,代开发票或办证,51
116.24000000000001,40.160000000000004,代开发票或办证,7
116.66,39.9,代开发票或办证,26
116.61,39.89,代开发票或办证,12
116.35000000000001,39.89,代开发票或办证,95
116.41,40.050000000000004,代开发票或办证,119
116.27,39.88,代开发票或办证,73
116.42,39.83,代开发票或办证,104
116.4,39.81,代开发票或办证,7
116.28,39.77,代开发票或办证,25
116.41,40.07,代开发票或办证,112
116.48,39.92,其它广告,29
116.5,39.87,代开发票或办证,61
116.49000000000001,39.9,代开发票或办证,265
116.32000000000001,39.89,代开发票或办证,126
116.32000000000001,39.88,代开发票或办证,84
116.31,39.88,代开发票或办证,219
116.41,39.85,代开发票或办证,199
116.41,39.84,代开发票或办证,90
116.43,39.94,代开发票或办证,93
116.49000000000001,39.88,代开发票或办证,20
116.48,39.87,代开发票或办证,116
116.31,39.89,代开发票或办证,106
116.39,39.85,代开发票或办证,218
116.38,39.85,代开发票或办证,144
116.29,40.09,代开发票或办证,23
116.28,40.09,代开发票或办证,12
116.5,39.86,代开发票或办证,62
116.35000000000001,39.71,代开发票或办证,4
116.28,39.85,代开发票或办证,182
116.29,39.87,代开发票或办证,48
116.46000000000001,39.95,代开发票或办证,128
116.55,39.910000000000004,代开发票或办证,120
116.34,40.06,代开发票或办证,15
116.32000000000001,40.07,代开发票或办证,7
116.31,40.07,代开发票或办证,21
116.53,39.94,代开发票或办证,29
116.54,39.94,代开发票或办证,8
116.46000000000001,39.92,代开发票或办证,415
116.46000000000001,39.93,代开发票或办证,369
116.49000000000001,39.910000000000004,代开发票或办证,388
116.48,39.910000000000004,代开发票或办证,328
116.55,39.9,代开发票或办证,71
116.5,39.89,代开发票或办证,97
116.44,39.83,代开发票或办证,58
116.44,39.82,代开发票或办证,13
116.48,39.86,代开发票或办证,93
116.5,39.9,代开发票或办证,235
116.31,39.82,代开发票或办证,47
116.41,39.99,代开发票或办证,161
116.32000000000001,39.78,代开发票或办证,28
116.38,39.83,代开发票或办证,106
116.38,39.95,代开发票或办证,9
116.38,39.94,代开发票或办证,5
116.28,40.11,代开发票或办证,19
116.28,40.1,代开发票或办证,33
116.49000000000001,39.84,代开发票或办证,1
116.5,39.82,代开发票或办证,33
116.52,39.83,代开发票或办证,4
116.34,39.89,代开发票或办证,45
116.36,39.83,代开发票或办证,55
116.48,39.85,代开发票或办证,85
116.45,39.87,代开发票或办证,212
116.49000000000001,39.93,代开发票或办证,117
116.48,39.93,代开发票或办证,196
116.27,39.74,代开发票或办证,1
116.28,39.83,代开发票或办证,135
116.48,39.92,代开发票或办证,258
116.52,40.01,代开发票或办证,14
116.41,39.88,代开发票或办证,26
116.46000000000001,39.86,冒充机构诈骗,17
116.46000000000001,39.84,冒充机构诈骗,6
116.35000000000001,39.980000000000004,代开发票或办证,100
116.37,39.97,代开发票或办证,60
116.38,39.97,代开发票或办证,118
116.42,39.96,代开发票或办证,94
116.47,39.83,代开发票或办证,72
116.47,39.84,代开发票或办证,48
116.54,40.03,代开发票或办证,4
116.46000000000001,39.89,代开发票或办证,420
116.43,39.96,代开发票或办证,168
116.3,39.93,代开发票或办证,21
116.31,39.92,代开发票或办证,58
116.31,39.9,代开发票或办证,122
116.34,39.730000000000004,代开发票或办证,125
116.33,39.730000000000004,代开发票或办证,49
116.31,39.95,代开发票或办证,23
116.3,39.95,代开发票或办证,64
116.29,39.88,代开发票或办证,37
116.44,39.96,代开发票或办证,266
116.31,39.97,代开发票或办证,210
116.45,39.87,冒充机构诈骗,88
116.75,40.13,冒充机构诈骗,4
116.74000000000001,40.13,冒充机构诈骗,4
116.42,40.06,代开发票或办证,30
116.37,39.96,代开发票或办证,130
116.33,39.95,代开发票或办证,69
116.52,39.910000000000004,代开发票或办证,152
116.53,39.910000000000004,代开发票或办证,28
116.53,39.9,代开发票或办证,43
116.45,39.89,冒充机构诈骗,96
116.47,39.910000000000004,代开发票或办证,357
116.48,39.980000000000004,代开发票或办证,245
116.49000000000001,39.980000000000004,代开发票或办证,64
116.49000000000001,39.97,代开发票或办证,34
116.48,39.97,代开发票或办证,136
116.18,39.76,代开发票或办证,32
116.39,40.06,代开发票或办证,13
116.41,40.06,代开发票或办证,170
116.51,39.86,代开发票或办证,47
116.49000000000001,39.92,代开发票或办证,278
116.41,39.910000000000004,代开发票或办证,76
116.4,40.07,侮辱他人,1
116.41,40.07,侮辱他人,6
116.41,40.06,侮辱他人,10
116.57000000000001,39.92,代开发票或办证,16
116.48,39.92,贷款广告,22
116.45,39.79,代开发票或办证,9
116.31,39.85,代开发票或办证,57
116.31,39.86,代开发票或办证,56
116.33,39.97,代开发票或办证,107
116.33,39.980000000000004,代开发票或办证,102
116.46000000000001,39.9,代开发票或办证,493
116.45,39.980000000000004,代开发票或办证,100
116.44,39.980000000000004,代开发票或办证,64
116.27,39.87,代开发票或办证,81
116.26,39.88,代开发票或办证,19
116.26,39.87,代开发票或办证,2
116.45,39.96,代开发票或办证,257
116.45,39.95,代开发票或办证,190
116.35000000000001,39.9,代开发票或办证,119
116.49000000000001,39.89,代开发票或办证,147
116.51,39.910000000000004,代开发票或办证,231
116.3,39.79,代开发票或办证,6
116.31,39.79,代开发票或办证,15
116.31,39.78,代开发票或办证,23
116.28,39.86,代开发票或办证,57
116.45,39.9,代开发票或办证,250
116.5,39.94,代开发票或办证,20
116.5,39.93,代开发票或办证,125
116.48,39.980000000000004,冒充机构诈骗,105
116.46000000000001,39.910000000000004,代开发票或办证,298
116.47,39.86,代开发票或办证,141
116.47,39.87,代开发票或办证,166
116.31,39.94,代开发票或办证,27
116.45,39.93,代开发票或办证,78
116.34,39.78,代开发票或办证,39
116.67,39.89,代开发票或办证,25
116.67,39.88,代开发票或办证,89
116.66,39.89,代开发票或办证,38
116.36,39.75,代开发票或办证,8
116.34,40.0,代开发票或办证,56
116.37,40.0,代开发票或办证,65
116.33,39.76,冒充机构诈骗,76
116.2,39.87,代开发票或办证,6
116.2,39.88,代开发票或办证,8
116.48,39.83,代开发票或办证,32
116.47,39.910000000000004,淫秽广告,165
116.37,39.9,代开发票或办证,108
116.38,39.9,代开发票或办证,18
116.39,39.9,代开发票或办证,27
116.31,39.76,冒充机构诈骗,24
116.31,39.77,冒充机构诈骗,12
116.3,39.76,冒充机构诈骗,13
116.31,39.84,代开发票或办证,40
116.42,40.07,代开发票或办证,17
116.43,40.07,代开发票或办证,8
116.4,39.85,代开发票或办证,166
116.22,39.85,代开发票或办证,8
116.23,39.85,代开发票或办证,25
116.42,39.84,冒充机构诈骗,175
116.31,39.75,冒充机构诈骗,104
116.3,39.75,冒充机构诈骗,23
116.31,39.74,冒充机构诈骗,42
116.21000000000001,39.72,代开发票或办证,1
116.44,39.910000000000004,冒充机构诈骗,56
116.46000000000001,39.85,代开发票或办证,44
116.41,39.85,其它广告,10
116.35000000000001,39.86,代开发票或办证,67
116.35000000000001,39.87,代开发票或办证,45
116.34,39.87,代开发票或办证,59
116.51,39.92,代开发票或办证,143
116.54,39.75,代开发票或办证,42
116.54,39.76,代开发票或办证,21
116.42,39.96,冒充机构诈骗,73
116.69,39.93,代开发票或办证,11
116.52,39.93,代开发票或办证,21
116.51,39.94,代开发票或办证,22
116.37,39.910000000000004,代开发票或办证,54
116.37,39.92,代开发票或办证,8
116.36,39.910000000000004,代开发票或办证,48
116.41,39.9,代开发票或办证,200
116.47,39.99,其它广告,12
116.47,40.01,其它广告,6
116.47,40.0,其它广告,28
116.34,39.88,代开发票或办证,78
116.33,39.78,代开发票或办证,18
116.33,39.93,房产广告,3
116.34,39.93,房产广告,3
116.41,39.85,房产广告,27
116.41,39.84,房产广告,16
116.41,39.84,冒充机构诈骗,62
116.26,39.86,代开发票或办证,22
116.27,39.86,代开发票或办证,14
116.48,39.89,代开发票或办证,318
116.48,39.84,代开发票或办证,65
116.43,39.86,房产广告,24
116.43,39.85,房产广告,12
116.43,39.85,代开发票或办证,193
116.45,39.72,冒充机构诈骗,7
116.4,39.800000000000004,代开发票或办证,31
116.68,39.93,代开发票或办证,16
116.45,39.86,代开发票或办证,174
116.44,39.94,代开发票或办证,52
116.42,39.93,代开发票或办证,41
116.44,39.93,代开发票或办证,42
116.47,39.88,冒充机构诈骗,92
116.54,39.88,代开发票或办证,6
116.46000000000001,39.72,冒充机构诈骗,72
116.5,39.79,代开发票或办证,39
116.51,39.79,代开发票或办证,70
116.47,39.89,房产广告,34
116.46000000000001,39.9,房产广告,28
116.46000000000001,39.89,房产广告,29
116.32000000000001,40.050000000000004,代开发票或办证,105
116.3,39.97,代开发票或办证,125
116.46000000000001,39.88,房产广告,148
116.22,39.84,代开发票或办证,31
116.14,39.85,代开发票或办证,4
116.13,39.85,代开发票或办证,1
116.49000000000001,39.99,冒充机构诈骗,12
116.31,39.980000000000004,代开发票或办证,188
116.28,40.01,代开发票或办证,24
116.28,40.02,代开发票或办证,9
116.46000000000001,39.99,冒充机构诈骗,58
116.47,39.980000000000004,冒充机构诈骗,106
116.47,39.99,冒充机构诈骗,75
116.4,39.84,代开发票或办证,62
116.39,39.84,代开发票或办证,26
116.63,39.88,代开发票或办证,20
116.57000000000001,39.730000000000004,代开发票或办证,4
116.39,39.96,代开发票或办证,84
116.38,39.96,代开发票或办证,171
116.69,39.86,代开发票或办证,26
116.66,39.86,代开发票或办证,39
116.68,39.9,代开发票或办证,15
116.42,39.980000000000004,冒充机构诈骗,43
116.42,39.97,冒充机构诈骗,66
116.12,39.7,冒充机构诈骗,16
116.13,39.71,冒充机构诈骗,3
116.42,39.86,冒充机构诈骗,38
116.51,39.9,代开发票或办证,59
116.52,39.9,代开发票或办证,102
116.47,39.87,房产广告,16
116.44,39.95,冒充机构诈骗,92
116.44,39.94,冒充机构诈骗,37
116.34,39.86,代开发票或办证,23
116.59,39.910000000000004,代开发票或办证,76
116.58,39.9,代开发票或办证,41
116.36,40.0,代开发票或办证,56
116.4,39.97,冒充机构诈骗,126
116.5,39.76,代开发票或办证,17
116.52,39.78,代开发票或办证,33
116.48,39.79,代开发票或办证,28
116.35000000000001,39.910000000000004,侮辱他人,20
116.35000000000001,39.9,侮辱他人,6
116.43,39.88,代开发票或办证,68
116.44,39.88,代开发票或办证,71
116.45,39.89,房产广告,5
116.45,39.88,房产广告,59
116.34,39.77,冒充机构诈骗,54
116.34,39.76,冒充机构诈骗,29
116.34,39.78,冒充机构诈骗,60
116.35000000000001,39.78,冒充机构诈骗,4
116.45,39.9,冒充机构诈骗,409
116.76,39.93,冒充机构诈骗,2
116.36,39.87,代开发票或办证,18
116.63,39.92,代开发票或办证,35
116.4,39.96,冒充机构诈骗,91
116.45,39.87,房产广告,99
116.42,40.04,冒充机构诈骗,181
116.34,39.69,其它诈骗,3
116.34,39.68,其它诈骗,3
116.45,39.83,代开发票或办证,28
116.46000000000001,39.83,代开发票或办证,31
116.33,39.89,房产广告,4
116.24000000000001,39.83,代开发票或办证,16
116.14,39.72,冒充机构诈骗,60
116.13,39.730000000000004,冒充机构诈骗,54
116.27,39.94,代开发票或办证,43
116.37,39.85,代开发票或办证,145
116.41,39.96,冒充机构诈骗,37
116.41,39.96,代开发票或办证,382
116.41,39.96,侮辱他人,11
116.42,39.96,侮辱他人,1
116.33,40.04,其它广告,4
116.69,39.81,代开发票或办证,3
116.35000000000001,39.96,侮辱他人,3
116.35000000000001,39.96,代开发票或办证,66
116.35000000000001,39.95,代开发票或办证,42
116.34,39.730000000000004,冒充机构诈骗,35
116.33,39.730000000000004,冒充机构诈骗,138
116.47,39.92,代开发票或办证,193
116.4,39.85,房产广告,30
116.41,39.83,房产广告,5
116.21000000000001,39.75,代开发票或办证,42
116.22,39.75,代开发票或办证,8
116.17,39.77,代开发票或办证,12
116.42,39.84,房产广告,25
116.44,39.84,房产广告,4
116.53,39.97,冒充机构诈骗,9
116.52,39.980000000000004,冒充机构诈骗,4
116.67,39.86,代开发票或办证,37
116.25,39.97,代开发票或办证,16
116.25,40.06,代开发票或办证,3
116.27,40.06,代开发票或办证,2
116.26,40.050000000000004,代开发票或办证,1
116.29,40.04,代开发票或办证,43
116.42,39.89,代开发票或办证,52
116.43,39.89,代开发票或办证,63
116.37,39.87,代开发票或办证,60
116.44,39.85,代开发票或办证,115
116.37,40.0,其它广告,4
116.37,39.99,其它广告,10
116.47,39.9,房产广告,99
116.45,39.910000000000004,房产广告,7
116.44,39.72,冒充机构诈骗,1
116.43,40.17,代开发票或办证,7
116.27,39.910000000000004,代开发票或办证,72
116.36,39.94,代开发票或办证,6
116.48,39.9,房产广告,15
116.19,39.93,代开发票或办证,2
116.19,39.94,代开发票或办证,3
116.29,39.99,代开发票或办证,57
116.3,39.980000000000004,代开发票或办证,156
116.46000000000001,39.86,代开发票或办证,169
116.42,40.03,冒充机构诈骗,110
116.65,39.9,代开发票或办证,55
116.60000000000001,39.9,代开发票或办证,36
116.3,39.83,代开发票或办证,45
116.31,39.83,代开发票或办证,61
116.31,40.09,代开发票或办证,2
116.3,40.09,代开发票或办证,12
116.4,39.910000000000004,代开发票或办证,15
116.47,39.93,冒充机构诈骗,163
116.46000000000001,39.93,冒充机构诈骗,117
116.45,39.93,冒充机构诈骗,85
116.32000000000001,39.79,冒充机构诈骗,23
116.28,39.94,冒充机构诈骗,43
116.66,39.87,代开发票或办证,89
116.65,39.87,代开发票或办证,27
116.38,39.84,代开发票或办证,76
116.67,39.87,代开发票或办证,37
116.32000000000001,39.83,冒充机构诈骗,7
116.31,39.82,冒充机构诈骗,7
116.31,39.83,冒充机构诈骗,22
116.44,39.9,代开发票或办证,68
116.54,39.93,代开发票或办证,20
116.27,39.77,代开发票或办证,2
116.4,39.97,代开发票或办证,77
116.43,39.93,代开发票或办证,84
116.42,39.94,代开发票或办证,62
116.46000000000001,39.93,其它广告,13
116.45,39.96,冒充机构诈骗,126
116.44,39.96,冒充机构诈骗,108
116.37,39.96,其它广告,10
116.36,39.96,其它广告,2
116.38,39.96,其它广告,7
116.45,39.910000000000004,冒充机构诈骗,331
116.36,39.74,代开发票或办证,8
116.35000000000001,39.730000000000004,代开发票或办证,13
116.59,39.9,代开发票或办证,42
116.47,39.89,冒充机构诈骗,98
116.45,39.800000000000004,代开发票或办证,46
116.45,39.81,代开发票或办证,24
116.46000000000001,39.94,代开发票或办证,138
116.48,39.88,代开发票或办证,216
116.39,39.97,冒充机构诈骗,25
116.45,39.910000000000004,代开发票或办证,160
116.2,39.75,冒充机构诈骗,23
116.38,39.99,冒充机构诈骗,36
116.59,39.92,代开发票或办证,44
116.43,39.97,冒充机构诈骗,15
116.41,39.97,冒充机构诈骗,80
116.32000000000001,39.75,冒充机构诈骗,93
116.32000000000001,39.74,冒充机构诈骗,34
116.33,39.74,冒充机构诈骗,60
116.34,39.99,代开发票或办证,55
116.34,39.82,代开发票或办证,73
116.33,39.74,代开发票或办证,74
116.41,39.83,代开发票或办证,29
116.4,39.83,代开发票或办证,53
116.41,39.96,其它广告,14
116.51,39.93,代开发票或办证,67
116.4,39.84,房产广告,7
116.29,39.9,代开发票或办证,14
116.38,39.75,代开发票或办证,3
116.47,39.800000000000004,代开发票或办证,29
116.38,39.97,冒充机构诈骗,31
116.46000000000001,39.9,冒充机构诈骗,302
116.12,39.72,冒充机构诈骗,46
116.12,39.72,代开发票或办证,37
116.11,39.71,代开发票或办证,4
116.68,39.86,代开发票或办证,20
116.34,39.81,代开发票或办证,39
116.41,40.04,冒充机构诈骗,23
116.42,39.85,代开发票或办证,210
116.01,40.35,其它诈骗,2
116.33,39.89,其它诈骗,2
116.3,39.89,代开发票或办证,23
116.47,39.88,房产广告,46
116.48,39.97,冒充机构诈骗,65
116.49000000000001,39.97,冒充机构诈骗,18
116.29,39.81,代开发票或办证,82
116.2,39.800000000000004,代开发票或办证,15
116.2,39.82,代开发票或办证,19
116.2,39.800000000000004,冒充机构诈骗,8
116.48,40.050000000000004,代开发票或办证,2
116.48,40.07,代开发票或办证,2
116.48,40.08,代开发票或办证,5
116.48,39.93,冒充机构诈骗,25
116.47,39.92,冒充机构诈骗,171
116.21000000000001,39.76,冒充机构诈骗,8
116.21000000000001,39.75,冒充机构诈骗,68
116.24000000000001,39.910000000000004,代开发票或办证,8
116.23,39.9,代开发票或办证,8
116.35000000000001,39.89,冒充机构诈骗,16
116.34,39.89,冒充机构诈骗,12
116.54,39.9,代开发票或办证,68
116.45,39.85,代开发票或办证,17
116.41,40.1,代开发票或办证,48
116.5,39.910000000000004,代开发票或办证,180
116.38,40.0,其它诈骗,5
116.21000000000001,39.89,代开发票或办证,11
116.4,39.96,代开发票或办证,179
116.32000000000001,39.79,代开发票或办证,40
116.32000000000001,39.72,冒充机构诈骗,7
116.45,39.81,房产广告,20
116.45,39.800000000000004,房产广告,23
116.53,39.81,代开发票或办证,12
116.34,40.01,冒充机构诈骗,4
116.46000000000001,39.88,冒充机构诈骗,459
116.43,39.86,冒充机构诈骗,131
116.43,39.85,冒充机构诈骗,58
116.41,39.89,代开发票或办证,74
116.4,39.89,代开发票或办证,17
116.67,39.9,代开发票或办证,47
116.68,39.910000000000004,代开发票或办证,24
116.61,39.92,代开发票或办证,46
116.35000000000001,39.910000000000004,代开发票或办证,128
116.2,39.76,代开发票或办证,43
116.21000000000001,39.76,代开发票或办证,24
116.44,39.800000000000004,房产广告,20
116.36,39.97,代开发票或办证,69
116.31,40.01,代开发票或办证,17
116.41,39.92,代开发票或办证,47
116.57000000000001,39.910000000000004,代开发票或办证,39
116.58,39.910000000000004,代开发票或办证,90
116.57000000000001,39.9,代开发票或办证,61
116.42,40.04,代开发票或办证,36
116.41,40.04,代开发票或办证,107
116.46000000000001,39.94,冒充机构诈骗,49
116.46000000000001,39.910000000000004,冒充机构诈骗,126
116.46000000000001,39.89,冒充机构诈骗,270
116.39,39.97,代开发票或办证,43
116.25,39.910000000000004,代开发票或办证,7
116.24000000000001,39.87,代开发票或办证,5
116.27,39.730000000000004,代开发票或办证,12
116.28,39.74,代开发票或办证,5
116.32000000000001,39.730000000000004,冒充机构诈骗,75
116.43,40.03,冒充机构诈骗,52
116.3,39.78,代开发票或办证,77
116.49000000000001,39.94,代开发票或办证,20
116.47,39.86,房产广告,3
116.45,39.94,冒充机构诈骗,25
116.4,39.7,代开发票或办证,6
116.34,39.77,代开发票或办证,64
116.34,39.76,代开发票或办证,38
116.46000000000001,39.87,冒充机构诈骗,155
116.32000000000001,39.83,代开发票或办证,54
116.35000000000001,39.83,代开发票或办证,46
116.37,39.83,代开发票或办证,145
116.41,40.03,代开发票或办证,190
116.4,40.02,代开发票或办证,24
116.4,40.01,代开发票或办证,11
116.4,39.99,代开发票或办证,201
116.17,39.69,代开发票或办证,1
116.27,40.1,代开发票或办证,20
116.34,39.75,冒充机构诈骗,17
116.41,39.97,代开发票或办证,95
116.84,39.87,冒充机构诈骗,1
116.46000000000001,39.980000000000004,冒充机构诈骗,22
116.32000000000001,39.85,代开发票或办证,95
116.32000000000001,39.84,代开发票或办证,125
116.3,39.85,代开发票或办证,27
116.46000000000001,40.0,冒充机构诈骗,9
116.33,39.99,代开发票或办证,126
116.33,39.84,代开发票或办证,157
116.34,39.84,代开发票或办证,74
116.47,39.9,冒充机构诈骗,106
116.28,39.87,代开发票或办证,69
116.27,39.89,代开发票或办证,48
116.27,39.93,代开发票或办证,32
116.33,39.99,冒充机构诈骗,35
116.4,39.87,代开发票或办证,35
116.43,39.87,代开发票或办证,16
116.17,39.77,冒充机构诈骗,2
116.42,39.99,代开发票或办证,118
116.44,39.85,房产广告,4
116.45,39.86,房产广告,23
116.51,39.9,其它广告,5
116.53,39.89,代开发票或办证,4
116.59,39.89,代开发票或办证,10
116.32000000000001,39.76,冒充机构诈骗,15
116.36,39.730000000000004,冒充机构诈骗,4
116.47,39.93,代开发票或办证,169
116.54,39.910000000000004,代开发票或办证,43
116.43,39.92,代开发票或办证,108
116.39,39.96,其它广告,7
116.46000000000001,39.92,冒充机构诈骗,181
116.39,39.96,冒充机构诈骗,19
116.43,39.980000000000004,代开发票或办证,138
116.47,39.93,其它广告,11
116.47,39.92,其它广告,12
116.27,39.95,代开发票或办证,61
116.31,40.02,代开发票或办证,27
116.48,39.910000000000004,冒充机构诈骗,12
116.47,39.910000000000004,冒充机构诈骗,75
116.45,39.95,冒充机构诈骗,45
116.46000000000001,39.95,冒充机构诈骗,27
116.51,39.800000000000004,代开发票或办证,20
116.52,39.79,代开发票或办证,92
116.22,39.75,冒充机构诈骗,9
116.33,40.03,代开发票或办证,21
116.42,39.79,代开发票或办证,19
116.49000000000001,39.78,代开发票或办证,41
116.4,40.07,代开发票或办证,13
116.39,39.83,代开发票或办证,39
116.22,39.77,代开发票或办证,3
116.28,39.85,冒充机构诈骗,81
116.28,39.84,冒充机构诈骗,79
116.77,39.94,代开发票或办证,18
116.41,39.94,代开发票或办证,54
116.34,39.9,代开发票或办证,57
116.31,40.0,冒充机构诈骗,17
116.36,39.96,代开发票或办证,60
116.33,40.04,代开发票或办证,60
116.73,39.84,代开发票或办证,7
116.72,39.84,代开发票或办证,2
116.28,39.82,代开发票或办证,118
116.34,39.96,代开发票或办证,65
116.32000000000001,39.96,代开发票或办证,141
116.31,39.99,冒充机构诈骗,20
116.46000000000001,40.01,冒充机构诈骗,13
116.25,39.93,代开发票或办证,4
116.59,39.86,代开发票或办证,6
116.57000000000001,39.89,代开发票或办证,11
116.35000000000001,39.97,代开发票或办证,71
116.44,39.87,冒充机构诈骗,32
116.39,39.87,冒充机构诈骗,2
116.43,39.87,冒充机构诈骗,19
116.35000000000001,40.0,代开发票或办证,27
116.46000000000001,39.84,代开发票或办证,27
116.46000000000001,39.99,代开发票或办证,81
116.34,39.72,冒充机构诈骗,16
116.3,39.88,代开发票或办证,90
116.28,39.84,代开发票或办证,118
116.29,39.84,代开发票或办证,43
116.3,39.84,代开发票或办证,24
116.56,39.92,冒充机构诈骗,10
116.43,39.99,代开发票或办证,110
116.4,40.0,代开发票或办证,174
116.31,39.96,代开发票或办证,70
116.32000000000001,39.97,代开发票或办证,68
116.47,39.88,代开发票或办证,168
116.32000000000001,39.9,代开发票或办证,40
116.33,40.050000000000004,代开发票或办证,10
116.32000000000001,40.01,代开发票或办证,3
116.26,39.89,代开发票或办证,16
116.45,39.92,代开发票或办证,156
116.36,39.99,代开发票或办证,7
116.51,39.77,代开发票或办证,30
116.5,39.78,代开发票或办证,9
116.45,39.82,代开发票或办证,9
116.48,39.9,冒充机构诈骗,14
116.5,39.9,冒充机构诈骗,5
116.46000000000001,39.87,房产广告,30
116.46000000000001,39.86,房产广告,6
116.48,40.0,冒充机构诈骗,13
116.48,39.99,冒充机构诈骗,63
116.35000000000001,39.92,代开发票或办证,41
116.35000000000001,39.92,侮辱他人,9
116.18,39.74,代开发票或办证,15
116.18,39.75,代开发票或办证,5
116.42,40.01,代开发票或办证,13
116.47,39.85,代开发票或办证,44
116.3,39.980000000000004,冒充机构诈骗,29
116.35000000000001,39.96,冒充机构诈骗,6
116.32000000000001,39.86,代开发票或办证,12
116.29,39.800000000000004,代开发票或办证,6
116.2,39.72,代开发票或办证,1
116.62,39.980000000000004,冒充机构诈骗,1
116.44,39.81,代开发票或办证,2
116.60000000000001,39.94,代开发票或办证,5
116.60000000000001,39.92,代开发票或办证,42
116.61,39.94,代开发票或办证,1
116.43,39.94,冒充机构诈骗,111
116.4,39.9,代开发票或办证,28
116.34,39.74,冒充机构诈骗,10
116.32000000000001,39.99,冒充机构诈骗,7
116.31,39.97,其它诈骗,5
116.32000000000001,39.97,其它诈骗,3
116.32000000000001,39.88,冒充机构诈骗,36
116.27,39.88,冒充机构诈骗,24
116.44,39.95,代开发票或办证,71
116.39,39.94,代开发票或办证,24
116.4,39.94,代开发票或办证,23
116.56,39.79,贷款广告,1
116.34,39.67,代开发票或办证,4
116.31,39.94,冒充机构诈骗,5
116.32000000000001,39.94,冒充机构诈骗,2
116.4,39.78,代开发票或办证,4
116.38,39.76,冒充机构诈骗,1
116.38,39.75,冒充机构诈骗,2
116.47,39.99,代开发票或办证,71
116.29,39.83,代开发票或办证,46
116.28,39.86,冒充机构诈骗,8
116.4,39.980000000000004,代开发票或办证,108
116.41,39.93,代开发票或办证,9
116.44,39.97,代开发票或办证,13
116.43,39.95,代开发票或办证,17
116.59,39.93,代开发票或办证,8
116.33,39.94,代开发票或办证,8
116.61,39.85,代开发票或办证,12
116.61,39.84,代开发票或办证,7
116.44,39.87,房产广告,5
116.35000000000001,39.81,代开发票或办证,7
116.4,39.82,代开发票或办证,16
116.36,39.86,代开发票或办证,105
116.36,39.85,代开发票或办证,71
116.33,39.800000000000004,代开发票或办证,48
116.33,39.79,代开发票或办证,27
116.24000000000001,39.89,冒充机构诈骗,21
116.23,39.89,冒充机构诈骗,4
116.42,39.88,代开发票或办证,22
116.47,39.87,冒充机构诈骗,73
116.34,39.79,冒充机构诈骗,35
116.43,39.93,冒充机构诈骗,36
116.56,39.9,冒充机构诈骗,10
116.5,39.980000000000004,代开发票或办证,34
116.5,39.97,代开发票或办证,8
116.3,39.96,代开发票或办证,115
116.43,39.980000000000004,冒充机构诈骗,25
116.41,39.980000000000004,冒充机构诈骗,54
116.46000000000001,40.0,代开发票或办证,53
116.47,40.0,代开发票或办证,43
116.44,39.84,冒充机构诈骗,51
116.47,40.01,代开发票或办证,13
116.48,40.01,代开发票或办证,7
116.31,39.910000000000004,代开发票或办证,52
116.29,39.910000000000004,代开发票或办证,3
116.66,39.84,代开发票或办证,1
116.68,39.83,代开发票或办证,4
116.49000000000001,40.01,代开发票或办证,20
116.5,40.0,代开发票或办证,62
116.41,39.76,冒充机构诈骗,3
116.42,39.97,代开发票或办证,74
116.46000000000001,39.96,冒充机构诈骗,28
116.47,39.94,代开发票或办证,59
116.47,39.84,其它广告,5
116.56,39.78,代开发票或办证,78
116.52,39.9,冒充机构诈骗,6
116.51,39.9,冒充机构诈骗,4
116.31,39.99,代开发票或办证,34
116.33,39.93,代开发票或办证,21
116.34,39.85,代开发票或办证,83
116.38,39.95,冒充机构诈骗,8
116.37,39.95,冒充机构诈骗,11
116.46000000000001,39.980000000000004,代开发票或办证,46
116.55,39.800000000000004,代开发票或办证,24
116.42,39.82,代开发票或办证,17
116.18,39.75,冒充机构诈骗,14
116.17,39.74,冒充机构诈骗,8
116.42,40.050000000000004,冒充机构诈骗,2
116.34,39.71,代开发票或办证,7
116.24000000000001,39.89,代开发票或办证,8
116.29,39.89,代开发票或办证,25
116.53,39.84,代开发票或办证,14
116.53,39.83,代开发票或办证,6
116.41,39.95,代开发票或办证,19
116.37,39.94,代开发票或办证,27
116.34,39.74,代开发票或办证,47
116.42,39.92,代开发票或办证,29
116.3,39.92,代开发票或办证,25
116.3,39.910000000000004,代开发票或办证,12
116.43,39.95,冒充机构诈骗,92
116.28,39.95,代开发票或办证,216
116.41,40.08,代开发票或办证,47
116.51,39.78,代开发票或办证,16
116.46000000000001,39.99,其它广告,6
116.45,39.88,冒充机构诈骗,142
116.31,40.03,代开发票或办证,26
116.32000000000001,40.03,代开发票或办证,54
116.5,39.88,冒充机构诈骗,3
116.49000000000001,39.87,冒充机构诈骗,32
116.47,39.980000000000004,代开发票或办证,74
116.65,39.88,代开发票或办证,78
116.5,39.81,代开发票或办证,1
116.5,39.800000000000004,代开发票或办证,44
116.56,39.82,代开发票或办证,5
116.29,39.95,代开发票或办证,21
116.26,39.9,冒充机构诈骗,49
116.41,39.94,冒充机构诈骗,44
116.48,39.76,代开发票或办证,10
116.48,39.75,代开发票或办证,7
116.39,39.88,代开发票或办证,39
116.43,39.86,代开发票或办证,68
116.32000000000001,39.980000000000004,代开发票或办证,80
116.46000000000001,39.89,淫秽广告,124
116.56,39.910000000000004,代开发票或办证,28
116.42,39.95,冒充机构诈骗,66
116.45,39.84,冒充机构诈骗,14
116.45,39.86,冒充机构诈骗,58
116.45,39.85,冒充机构诈骗,7
116.37,39.97,冒充机构诈骗,8
116.38,39.980000000000004,冒充机构诈骗,4
116.27,39.96,冒充机构诈骗,16
116.47,39.9,淫秽广告,183
116.48,39.9,淫秽广告,59
116.56,39.92,代开发票或办证,79
116.33,39.93,冒充机构诈骗,36
116.32000000000001,39.93,冒充机构诈骗,51
116.33,39.92,冒充机构诈骗,35
116.28,39.96,代开发票或办证,83
116.27,39.96,代开发票或办证,84
116.58,39.89,代开发票或办证,20
116.33,39.85,代开发票或办证,11
116.34,39.79,代开发票或办证,45
116.41,39.85,冒充机构诈骗,45
116.42,39.85,冒充机构诈骗,134
116.39,39.89,代开发票或办证,16
116.48,39.800000000000004,代开发票或办证,11
116.25,39.96,代开发票或办证,4
116.4,39.86,代开发票或办证,24
116.39,39.87,代开发票或办证,32
116.25,39.92,代开发票或办证,25
116.56,39.79,代开发票或办证,44
116.33,39.92,代开发票或办证,6
116.48,39.99,代开发票或办证,75
116.66,40.1,代开发票或办证,4
116.66,40.09,代开发票或办证,2
116.46000000000001,39.9,淫秽广告,171
116.37,39.88,代开发票或办证,65
116.45,39.87,淫秽广告,370
116.46000000000001,39.87,淫秽广告,168
116.31,39.93,冒充机构诈骗,62
116.31,39.97,冒充机构诈骗,35
116.49000000000001,39.9,淫秽广告,24
116.5,39.87,淫秽广告,6
116.44,39.9,淫秽广告,285
116.44,39.81,房产广告,4
116.29,39.83,冒充机构诈骗,14
116.28,39.83,冒充机构诈骗,62
116.35000000000001,39.83,冒充机构诈骗,3
116.32000000000001,39.82,冒充机构诈骗,4
116.38,39.96,冒充机构诈骗,27
116.4,39.92,代开发票或办证,28
116.3,39.9,代开发票或办证,23
116.49000000000001,39.92,淫秽广告,88
116.5,39.92,淫秽广告,174
116.51,39.910000000000004,淫秽广告,4
116.33,39.96,代开发票或办证,88
116.46000000000001,39.910000000000004,淫秽广告,103
116.47,39.76,淫秽广告,1
116.39,39.85,淫秽广告,6
116.51,39.89,代开发票或办证,61
116.53,39.800000000000004,代开发票或办证,51
116.64,39.93,代开发票或办证,6
116.43,39.92,冒充机构诈骗,186
116.49000000000001,39.99,代开发票或办证,52
116.48,39.92,淫秽广告,45
116.5,39.93,淫秽广告,119
116.37,39.92,房产广告,1
116.39,39.92,房产广告,1
116.47,40.0,冒充机构诈骗,35
116.38,39.92,代开发票或办证,1
116.42,39.9,代开发票或办证,71
116.41,39.86,代开发票或办证,52
116.49000000000001,39.93,淫秽广告,57
116.60000000000001,39.96,代开发票或办证,5
116.58,39.96,代开发票或办证,6
116.59,39.96,代开发票或办证,4
116.49000000000001,39.95,淫秽广告,51
116.48,39.97,淫秽广告,116
116.25,39.94,冒充机构诈骗,8
116.54,39.86,代开发票或办证,13
116.45,39.86,淫秽广告,74
116.26,39.76,冒充机构诈骗,2
116.27,39.77,冒充机构诈骗,1
116.36,39.76,代开发票或办证,2
116.44,39.93,冒充机构诈骗,30
116.14,39.730000000000004,代开发票或办证,71
116.15,39.74,代开发票或办证,17
116.54,39.74,代开发票或办证,12
116.52,39.75,代开发票或办证,8
116.51,39.75,代开发票或办证,2
116.52,39.76,代开发票或办证,7
116.44,39.88,房产广告,16
116.44,39.89,房产广告,7
116.13,39.730000000000004,代开发票或办证,44
116.15,39.730000000000004,代开发票或办证,24
116.48,39.980000000000004,淫秽广告,40
116.49000000000001,39.980000000000004,淫秽广告,6
116.35000000000001,39.87,冒充机构诈骗,21
116.35000000000001,39.86,冒充机构诈骗,10
116.57000000000001,39.94,代开发票或办证,1
116.56,39.94,代开发票或办证,5
116.24000000000001,40.11,冒充机构诈骗,5
116.44,39.910000000000004,淫秽广告,30
116.45,39.9,淫秽广告,189
116.3,39.75,代开发票或办证,2
116.51,39.85,代开发票或办证,32
116.47,39.97,淫秽广告,83
116.33,39.95,淫秽广告,2
116.47,39.97,代开发票或办证,43
116.34,39.9,冒充机构诈骗,12
116.37,39.910000000000004,冒充机构诈骗,4
116.55,40.02,冒充机构诈骗,2
116.14,39.72,代开发票或办证,62
116.37,39.93,代开发票或办证,17
116.54,39.81,代开发票或办证,3
116.54,39.82,代开发票或办证,5
116.51,39.93,淫秽广告,19
116.43,39.9,淫秽广告,69
116.28,39.74,冒充机构诈骗,7
116.35000000000001,39.85,代开发票或办证,56
116.12,39.95,冒充机构诈骗,15
116.32000000000001,39.92,冒充机构诈骗,27
116.52,39.89,冒充机构诈骗,4
116.55,39.9,冒充机构诈骗,7
116.41,39.980000000000004,淫秽广告,140
116.4,39.78,冒充机构诈骗,14
116.39,39.980000000000004,淫秽广告,8
116.4,39.980000000000004,淫秽广告,35
116.55,39.82,代开发票或办证,6
116.27,39.71,冒充机构诈骗,4
116.28,39.72,冒充机构诈骗,3
116.28,39.71,冒充机构诈骗,2
116.52,39.84,代开发票或办证,9
116.67,39.92,代开发票或办证,20
116.67,39.93,代开发票或办证,11
116.49000000000001,39.96,代开发票或办证,95
116.29,39.99,冒充机构诈骗,61
116.76,39.94,代开发票或办证,7
116.76,39.93,代开发票或办证,20
116.29,39.82,代开发票或办证,123
116.41,39.99,淫秽广告,45
116.4,39.99,淫秽广告,150
116.37,39.910000000000004,淫秽广告,22
116.46000000000001,39.88,淫秽广告,69
116.73,39.94,代开发票或办证,26
116.72,39.95,代开发票或办证,4
116.28,39.92,冒充机构诈骗,47
116.27,39.92,冒充机构诈骗,30
116.27,39.93,冒充机构诈骗,19
116.47,39.96,代开发票或办证,62
116.46000000000001,39.97,代开发票或办证,71
116.37,39.85,冒充机构诈骗,83
116.44,39.92,冒充机构诈骗,151
116.44,39.92,代开发票或办证,36
116.39,39.99,淫秽广告,12
116.16,39.92,冒充机构诈骗,88
116.16,39.93,冒充机构诈骗,9
116.4,39.980000000000004,冒充机构诈骗,24
116.37,39.92,冒充机构诈骗,12
116.46000000000001,39.97,淫秽广告,4
116.44,39.9,冒充机构诈骗,42
116.49000000000001,39.92,冒充机构诈骗,24
116.5,39.92,冒充机构诈骗,32
116.45,39.92,冒充机构诈骗,225
116.47,39.84,贷款广告,9
116.37,39.95,代开发票或办证,45
115.99000000000001,40.34,代开发票或办证,2
116.29,39.94,冒充机构诈骗,21
116.27,39.82,代开发票或办证,5
116.23,39.89,代开发票或办证,12
116.33,39.96,房产广告,1
116.78,39.87,房产广告,1
116.4,40.04,代开发票或办证,30
116.29,39.910000000000004,冒充机构诈骗,55
116.48,39.94,代开发票或办证,28
116.38,39.92,冒充机构诈骗,3
116.35000000000001,39.94,代开发票或办证,62
116.35000000000001,39.93,代开发票或办证,72
116.41,39.95,冒充机构诈骗,35
116.29,39.77,代开发票或办证,72
116.39,39.93,冒充机构诈骗,25
116.39,39.94,冒充机构诈骗,51
116.43,39.910000000000004,淫秽广告,11
116.38,39.87,代开发票或办证,18
116.68,39.92,代开发票或办证,20
116.75,39.94,代开发票或办证,24
116.26,39.88,冒充机构诈骗,3
116.26,39.89,冒充机构诈骗,4
116.58,39.94,代开发票或办证,17
116.58,39.92,代开发票或办证,15
116.41,39.9,冒充机构诈骗,17
116.4,39.96,淫秽广告,115
116.35000000000001,40.01,代开发票或办证,39
116.36,40.01,代开发票或办证,15
116.42,40.03,代开发票或办证,64
116.52,39.92,代开发票或办证,67
116.32000000000001,40.08,代开发票或办证,6
116.49000000000001,39.910000000000004,淫秽广告,37
116.44,39.93,淫秽广告,4
116.29,39.78,代开发票或办证,42
116.34,40.03,代开发票或办证,109
116.19,39.800000000000004,代开发票或办证,22
116.23,39.84,代开发票或办证,17
116.56,39.9,代开发票或办证,42
116.39,39.81,代开发票或办证,7
116.35000000000001,39.72,代开发票或办证,3
116.43,39.9,代开发票或办证,75
116.37,39.89,代开发票或办证,39
116.62,39.9,代开发票或办证,41
116.13,39.72,代开发票或办证,19
116.7,39.85,代开发票或办证,19
116.14,39.74,代开发票或办证,52
116.41,40.15,代开发票或办证,3
116.4,40.15,代开发票或办证,6
116.24000000000001,39.9,代开发票或办证,21
116.37,39.99,代开发票或办证,65
116.16,39.730000000000004,代开发票或办证,4
116.5,39.95,代开发票或办证,25
116.49000000000001,39.95,代开发票或办证,36
116.34,39.97,代开发票或办证,38
116.33,39.88,代开发票或办证,43
116.47,39.95,代开发票或办证,22
116.18,39.72,代开发票或办证,7
116.18,39.7,代开发票或办证,1
116.18,39.71,代开发票或办证,4
116.43,39.84,代开发票或办证,16
116.52,40.02,代开发票或办证,6
116.34,39.95,代开发票或办证,86
116.44,39.87,代开发票或办证,66
116.28,39.92,代开发票或办证,30
116.32000000000001,39.660000000000004,代开发票或办证,5
116.51,39.82,代开发票或办证,22
116.51,39.81,代开发票或办证,8
116.33,39.77,代开发票或办证,18
116.34,39.82,房产广告,13
116.46000000000001,39.94,贷款广告,10
116.32000000000001,39.730000000000004,代开发票或办证,16
116.27,40.02,代开发票或办证,12
116.27,40.01,代开发票或办证,4
116.11,39.72,冒充机构诈骗,26
116.49000000000001,39.85,代开发票或办证,26
116.32000000000001,39.69,代开发票或办证,13
116.33,39.69,代开发票或办证,6
116.46000000000001,39.94,其它广告,6
116.42,39.84,代开发票或办证,53
116.34,39.92,代开发票或办证,11
116.45,39.94,代开发票或办证,17
116.41,39.93,冒充机构诈骗,45
116.45,39.82,房产广告,5
116.44,39.82,房产广告,1
116.31,39.87,代开发票或办证,39
116.36,39.9,代开发票或办证,29
116.4,40.1,代开发票或办证,2
116.41,40.11,代开发票或办证,33
116.48,39.92,冒充机构诈骗,87
116.63,39.81,代开发票或办证,1
116.63,39.79,代开发票或办证,1
116.41,39.910000000000004,冒充机构诈骗,53
116.44,39.800000000000004,代开发票或办证,31
116.32000000000001,39.86,侮辱他人,3
116.31,39.86,侮辱他人,11
116.32000000000001,39.87,侮辱他人,1
116.27,39.92,代开发票或办证,55
116.35000000000001,39.93,侮辱他人,5
116.35000000000001,39.94,侮辱他人,10
116.4,39.94,冒充机构诈骗,60
116.37,39.5,代开发票或办证,1
116.34,39.47,代开发票或办证,1
116.33,39.46,代开发票或办证,1
116.32000000000001,39.47,代开发票或办证,1
116.34,39.49,代开发票或办证,1
116.68,39.87,代开发票或办证,36
116.65,39.92,代开发票或办证,27
116.49000000000001,39.89,淫秽广告,14
116.48,39.88,淫秽广告,10
116.48,39.89,淫秽广告,45
116.28,39.65,代开发票或办证,2
116.34,39.87,侮辱他人,8
116.34,39.88,侮辱他人,1
116.35000000000001,39.87,侮辱他人,3
116.33,39.75,冒充机构诈骗,50
116.39,39.85,房产广告,4
116.13,39.72,冒充机构诈骗,32
116.32000000000001,40.050000000000004,房产广告,1
116.31,39.88,冒充机构诈骗,83
116.45,39.85,房产广告,2
116.52,39.87,代开发票或办证,3
116.37,39.79,代开发票或办证,28
116.36,39.800000000000004,代开发票或办证,18
116.32000000000001,39.49,代开发票或办证,3
116.68,39.89,代开发票或办证,25
116.35000000000001,39.99,代开发票或办证,34
116.38,39.99,其它广告,5
116.18,39.92,代开发票或办证,10
116.31,40.07,其它广告,8
116.32000000000001,40.07,其它广告,9
116.32000000000001,40.08,其它广告,3
116.36,40.08,其它广告,1
116.48,39.88,冒充机构诈骗,38
116.3,40.050000000000004,代开发票或办证,28
116.3,40.04,代开发票或办证,28
116.24000000000001,39.86,代开发票或办证,6
116.24000000000001,39.85,代开发票或办证,6
116.7,39.87,代开发票或办证,17
116.26,39.910000000000004,代开发票或办证,17
116.43,39.84,冒充机构诈骗,53
116.42,39.95,代开发票或办证,51
116.60000000000001,39.910000000000004,代开发票或办证,13
116.44,39.89,冒充机构诈骗,53
116.42,39.9,冒充机构诈骗,24
116.54,39.86,冒充机构诈骗,7
116.46000000000001,39.910000000000004,房产广告,3
116.53,39.86,冒充机构诈骗,12
116.31,39.93,代开发票或办证,41
116.41,40.03,冒充机构诈骗,21
116.64,39.92,代开发票或办证,16
116.4,39.85,冒充机构诈骗,56
116.34,39.93,淫秽广告,3
116.45,39.93,淫秽广告,16
116.34,39.93,代开发票或办证,14
116.48,39.89,冒充机构诈骗,24
116.48,39.93,其它广告,5
116.31,40.08,其它广告,1
116.32000000000001,40.01,冒充机构诈骗,1
116.49000000000001,40.0,代开发票或办证,11
116.14,40.13,其它诈骗,3
116.33,40.0,代开发票或办证,17
116.61,39.980000000000004,代开发票或办证,12
116.56,39.99,代开发票或办证,1
116.26,40.0,代开发票或办证,11
116.22,39.99,代开发票或办证,6
116.21000000000001,39.99,代开发票或办证,8
116.2,39.99,代开发票或办证,5
116.43,39.83,冒充机构诈骗,6
116.4,39.84,冒充机构诈骗,23
116.43,39.96,冒充机构诈骗,86
116.39,40.08,代开发票或办证,10
116.44,39.85,冒充机构诈骗,25
116.34,40.02,代开发票或办证,22
116.19,39.59,代开发票或办证,5
116.32000000000001,39.97,冒充机构诈骗,9
116.32000000000001,39.980000000000004,冒充机构诈骗,26
116.31,39.7,冒充机构诈骗,1
116.37,39.69,代开发票或办证,8
116.36,39.7,代开发票或办证,2
116.53,39.75,房产广告,4
116.27,39.910000000000004,其它广告,5
116.72,39.84,侮辱他人,4
116.32000000000001,39.78,冒充机构诈骗,37
116.41,40.01,代开发票或办证,32
116.35000000000001,39.76,冒充机构诈骗,5
116.43,39.800000000000004,房产广告,3
116.43,39.79,房产广告,2
116.42,40.02,代开发票或办证,16
116.37,40.0,冒充机构诈骗,2
116.37,39.99,冒充机构诈骗,32
116.33,40.0,冒充机构诈骗,3
116.45,39.76,房产广告,1
116.44,39.76,房产广告,6
116.28,40.0,代开发票或办证,5
116.27,40.11,代开发票或办证,9
116.45,40.0,其它广告,13
116.52,39.89,代开发票或办证,28
116.33,39.79,房产广告,11
116.5,39.96,代开发票或办证,39
116.29,39.77,冒充机构诈骗,17
116.26,39.77,冒充机构诈骗,8
116.24000000000001,39.9,冒充机构诈骗,32
116.36,40.07,冒充机构诈骗,7
116.37,40.07,冒充机构诈骗,1
116.25,39.9,冒充机构诈骗,11
116.32000000000001,39.89,冒充机构诈骗,17
116.5,39.87,房产广告,1
116.51,39.85,房产广告,4
116.72,39.85,代开发票或办证,14
116.39,39.99,代开发票或办证,21
116.47,39.86,冒充机构诈骗,10
116.52,39.88,代开发票或办证,21
116.13,39.74,代开发票或办证,17
115.94,39.81,代开发票或办证,4
116.34,39.67,冒充机构诈骗,6
116.35000000000001,39.660000000000004,冒充机构诈骗,4
116.33,39.72,冒充机构诈骗,34
116.52,39.800000000000004,代开发票或办证,35
116.47,39.86,其它广告,2
116.44,39.83,其它广告,1
116.32000000000001,39.79,房产广告,5
116.33,39.800000000000004,房产广告,5
116.34,39.800000000000004,房产广告,1
116.41,39.92,冒充机构诈骗,49
116.48,39.96,冒充机构诈骗,9
116.55,39.86,代开发票或办证,32
116.69,39.85,代开发票或办证,10
116.43,39.910000000000004,冒充机构诈骗,17
116.67,39.910000000000004,代开发票或办证,3
116.51,39.86,冒充机构诈骗,5
116.55,39.97,代开发票或办证,9
116.18,39.7,冒充机构诈骗,5
116.17,39.71,冒充机构诈骗,7
116.32000000000001,40.050000000000004,其它广告,8
116.47,39.93,房产广告,3
116.37,39.84,冒充机构诈骗,39
116.14,39.730000000000004,冒充机构诈骗,27
116.45,39.75,房产广告,5
116.5,39.84,代开发票或办证,9
116.49000000000001,39.89,房产广告,1
116.49000000000001,39.9,房产广告,19
116.26,39.87,冒充机构诈骗,8
116.26,39.86,冒充机构诈骗,6
116.37,39.9,房产广告,2
116.39,40.0,其它广告,19
116.4,40.0,其它广告,8
116.38,39.99,代开发票或办证,38
116.55,39.95,代开发票或办证,6
116.57000000000001,39.81,代开发票或办证,6
116.06,39.67,代开发票或办证,3
116.06,39.660000000000004,代开发票或办证,2
116.33,39.81,房产广告,3
116.43,39.9,冒充机构诈骗,57
116.57000000000001,39.76,贷款广告,3
116.52,39.93,冒充机构诈骗,1
116.53,39.94,冒充机构诈骗,1
116.44,39.86,代开发票或办证,15
116.39,39.85,冒充机构诈骗,112
116.37,39.980000000000004,其它广告,9
116.41,39.980000000000004,其它广告,1
116.28,39.76,代开发票或办证,4
116.27,39.76,代开发票或办证,25
116.38,39.84,冒充机构诈骗,26
116.58,39.800000000000004,代开发票或办证,7
116.59,39.81,代开发票或办证,1
116.26,39.97,代开发票或办证,6
116.51,39.910000000000004,冒充机构诈骗,11
116.26,39.85,房产广告,5
116.46000000000001,39.96,代开发票或办证,35
116.33,39.77,冒充机构诈骗,21
116.32000000000001,39.95,代开发票或办证,32
116.43,40.02,代开发票或办证,19
116.27,40.03,代开发票或办证,20
116.18,39.72,其它诈骗,2
116.18,39.730000000000004,其它诈骗,1
116.29,39.96,代开发票或办证,11
116.26,40.12,代开发票或办证,16
116.38,39.94,其它广告,3
116.39,39.94,其它广告,3
116.39,39.92,其它广告,1
116.17,39.81,代开发票或办证,10
116.16,39.81,代开发票或办证,10
116.17,39.82,代开发票或办证,3
116.33,39.83,代开发票或办证,47
116.34,39.83,代开发票或办证,61
116.29,39.96,冒充机构诈骗,3
116.29,39.95,冒充机构诈骗,16
116.43,40.04,冒充机构诈骗,21
116.55,40.15,代开发票或办证,1
116.55,40.14,代开发票或办证,1
116.49000000000001,39.86,代开发票或办证,17
116.28,40.04,代开发票或办证,6
116.38,39.86,冒充机构诈骗,10
116.43,39.71,冒充机构诈骗,2
116.3,39.86,代开发票或办证,43
116.31,39.980000000000004,冒充机构诈骗,95
116.36,39.81,代开发票或办证,22
116.37,39.800000000000004,代开发票或办证,1
116.54,39.800000000000004,代开发票或办证,25
116.54,39.79,代开发票或办证,4
116.31,39.94,房产广告,1
116.46000000000001,39.94,房产广告,1
116.48,40.0,代开发票或办证,15
116.33,39.75,代开发票或办证,59
116.25,39.76,代开发票或办证,6
116.35000000000001,39.76,代开发票或办证,6
116.26,40.03,代开发票或办证,45
116.4,39.86,冒充机构诈骗,4
116.38,39.85,冒充机构诈骗,11
116.3,40.11,代开发票或办证,5
116.39,39.88,冒充机构诈骗,2
116.35000000000001,39.88,冒充机构诈骗,21
116.16,39.77,代开发票或办证,11
116.16,39.76,代开发票或办证,47
116.45,39.89,贷款广告,2
116.44,39.89,贷款广告,4
116.31,39.78,冒充机构诈骗,2
116.63,39.87,代开发票或办证,45
116.64,39.87,代开发票或办证,28
116.16,39.75,冒充机构诈骗,6
116.17,39.75,冒充机构诈骗,8
116.38,39.71,代开发票或办证,5
116.32000000000001,39.99,代开发票或办证,13
116.5,39.99,代开发票或办证,18
116.51,40.0,代开发票或办证,5
116.59,40.07,代开发票或办证,2
116.60000000000001,39.93,代开发票或办证,7
116.47,39.86,淫秽广告,30
116.43,39.97,代开发票或办证,30
116.4,39.93,代开发票或办证,46
116.66,39.75,代开发票或办证,6
116.65,39.75,代开发票或办证,3
116.44,39.84,代开发票或办证,52
116.49000000000001,39.910000000000004,冒充机构诈骗,19
116.56,39.77,代开发票或办证,6
116.55,39.77,代开发票或办证,8
116.27,39.99,代开发票或办证,8
116.25,40.0,代开发票或办证,10
116.64,39.910000000000004,代开发票或办证,24
116.15,39.75,代开发票或办证,6
116.16,39.76,冒充机构诈骗,31
116.25,40.14,代开发票或办证,6
116.29,39.78,冒充机构诈骗,23
116.3,39.78,冒充机构诈骗,2
116.3,39.78,房产广告,5
116.42,39.86,代开发票或办证,63
116.28,39.87,冒充机构诈骗,7
116.34,40.050000000000004,代开发票或办证,16
116.23,40.19,代开发票或办证,2
116.22,40.19,代开发票或办证,4
116.23,40.2,代开发票或办证,1
116.22,40.21,代开发票或办证,2
116.34,39.82,冒充机构诈骗,8
116.60000000000001,39.89,代开发票或办证,16
116.48,39.95,冒充机构诈骗,2
116.28,39.81,代开发票或办证,30
116.32000000000001,39.67,代开发票或办证,18
116.35000000000001,39.660000000000004,代开发票或办证,1
116.65,39.910000000000004,代开发票或办证,19
116.66,39.910000000000004,代开发票或办证,8
116.46000000000001,39.92,淫秽广告,14
116.7,39.88,代开发票或办证,11
116.69,39.88,代开发票或办证,15
116.35000000000001,39.84,代开发票或办证,22
116.31,40.01,冒充机构诈骗,9
116.28,39.910000000000004,冒充机构诈骗,27
116.42,39.81,代开发票或办证,18
116.43,39.81,代开发票或办证,16
116.42,39.800000000000004,代开发票或办证,19
116.48,40.09,代开发票或办证,17
116.27,39.74,冒充机构诈骗,6
116.11,39.68,代开发票或办证,2
116.10000000000001,39.68,代开发票或办证,2
116.44,39.88,冒充机构诈骗,7
116.42,40.08,代开发票或办证,1
116.46000000000001,40.0,其它广告,42
116.36,40.06,冒充机构诈骗,3
116.49000000000001,39.97,淫秽广告,10
116.42,39.88,其它广告,3
116.39,39.84,冒充机构诈骗,37
116.27,40.12,代开发票或办证,5
116.47,39.980000000000004,淫秽广告,40
116.35000000000001,40.11,代开发票或办证,3
116.32000000000001,40.11,代开发票或办证,1
116.42,39.83,冒充机构诈骗,29
116.3,39.94,代开发票或办证,17
116.49000000000001,39.980000000000004,冒充机构诈骗,1
116.32000000000001,39.87,其它广告,1
116.52,39.85,代开发票或办证,17
116.52,39.85,冒充机构诈骗,12
116.38,40.0,冒充机构诈骗,4
116.32000000000001,40.02,代开发票或办证,16
116.32000000000001,40.03,冒充机构诈骗,23
116.32000000000001,40.02,冒充机构诈骗,6
116.86,40.230000000000004,代开发票或办证,2
116.43,39.93,淫秽广告,9
116.43,39.94,淫秽广告,2
116.43,39.980000000000004,淫秽广告,14
116.42,39.980000000000004,淫秽广告,3
116.36,39.93,代开发票或办证,4
116.3,39.9,冒充机构诈骗,30
116.29,39.9,冒充机构诈骗,14
116.32000000000001,39.9,冒充机构诈骗,1
116.45,39.89,淫秽广告,34
116.3,39.95,冒充机构诈骗,8
116.3,39.96,冒充机构诈骗,23
116.31,39.910000000000004,冒充机构诈骗,22
116.35000000000001,39.85,冒充机构诈骗,19
116.18,39.93,代开发票或办证,1
116.41,39.910000000000004,淫秽广告,7
116.43,39.92,淫秽广告,7
116.32000000000001,39.93,代开发票或办证,10
116.32000000000001,39.94,代开发票或办证,12
116.44,39.89,淫秽广告,10
116.62,39.87,代开发票或办证,11
116.14,39.81,代开发票或办证,4
116.14,39.800000000000004,代开发票或办证,3
115.98,39.72,代开发票或办证,3
116.66,39.92,代开发票或办证,11
116.34,40.03,其它广告,8
116.34,40.06,其它广告,2
116.34,39.980000000000004,淫秽广告,3
116.34,39.75,代开发票或办证,32
116.52,39.92,冒充机构诈骗,11
116.22,39.9,冒充机构诈骗,43
116.37,40.03,冒充机构诈骗,46
116.57000000000001,39.92,冒充机构诈骗,3
116.57000000000001,39.910000000000004,冒充机构诈骗,19
116.38,39.800000000000004,代开发票或办证,7
116.38,39.99,淫秽广告,39
116.38,40.0,淫秽广告,10
116.11,39.72,代开发票或办证,44
116.12,39.730000000000004,代开发票或办证,10
116.24000000000001,40.12,代开发票或办证,10
116.24000000000001,40.11,代开发票或办证,1
116.31,39.99,淫秽广告,2
116.41,39.96,淫秽广告,30
116.42,39.94,冒充机构诈骗,17
116.38,39.980000000000004,淫秽广告,15
116.39,39.96,淫秽广告,43
116.38,39.96,淫秽广告,14
116.48,39.78,房产广告,1
116.49000000000001,39.800000000000004,房产广告,4
116.38,40.06,代开发票或办证,5
116.35000000000001,39.92,冒充机构诈骗,51
116.45,40.0,代开发票或办证,31
116.4,39.95,冒充机构诈骗,13
116.4,40.050000000000004,代开发票或办证,4
116.47,39.92,淫秽广告,20
116.12,39.7,代开发票或办证,19
116.34,39.800000000000004,代开发票或办证,26
116.42,40.0,代开发票或办证,13
116.48,39.92,其它诈骗,2
116.36,39.79,代开发票或办证,31
116.32000000000001,39.64,代开发票或办证,5
116.32000000000001,39.63,代开发票或办证,5
116.32000000000001,39.62,代开发票或办证,16
116.24000000000001,40.21,代开发票或办证,5
116.37,39.81,代开发票或办证,8
116.38,39.93,代开发票或办证,15
116.4,40.03,代开发票或办证,8
116.41,39.83,冒充机构诈骗,9
116.34,40.04,代开发票或办证,15
116.39,40.02,代开发票或办证,21
116.68,39.88,代开发票或办证,37
116.49000000000001,39.76,房产广告,6
116.32000000000001,39.68,代开发票或办证,19
116.48,39.910000000000004,淫秽广告,31
116.41,40.02,代开发票或办证,89
116.4,40.06,代开发票或办证,16
116.26,39.9,代开发票或办证,23
116.47,40.02,代开发票或办证,4
116.46000000000001,40.02,代开发票或办证,15
116.44,40.03,代开发票或办证,17
116.43,40.03,代开发票或办证,20
116.62,39.92,代开发票或办证,9
116.63,39.910000000000004,代开发票或办证,20
116.11,39.93,代开发票或办证,9
116.10000000000001,39.93,代开发票或办证,1
116.3,40.03,代开发票或办证,12
116.18,39.81,代开发票或办证,3
116.19,39.75,代开发票或办证,6
116.69,39.87,代开发票或办证,19
116.29,39.97,代开发票或办证,9
116.3,39.82,代开发票或办证,42
116.7,39.910000000000004,代开发票或办证,8
116.46000000000001,40.01,其它广告,9
116.36,40.06,代开发票或办证,8
116.39,39.95,代开发票或办证,15
116.33,39.89,代开发票或办证,23
116.56,39.97,代开发票或办证,2
116.51,40.03,冒充机构诈骗,2
116.54,40.03,冒充机构诈骗,1
116.48,39.89,房产广告,6
116.22,39.87,代开发票或办证,4
116.32000000000001,39.53,代开发票或办证,3
116.32000000000001,39.52,代开发票或办证,2
116.32000000000001,39.5,代开发票或办证,2
116.46000000000001,40.04,代开发票或办证,3
116.43,39.79,代开发票或办证,2
116.34,39.86,侮辱他人,9
116.66,39.93,代开发票或办证,4
116.15,39.74,侮辱他人,6
116.44,39.86,房产广告,5
116.37,39.980000000000004,冒充机构诈骗,17
115.79,40.44,冒充机构诈骗,4
116.43,39.800000000000004,代开发票或办证,7
116.32000000000001,39.92,代开发票或办证,16
116.25,39.89,代开发票或办证,13
116.21000000000001,39.9,代开发票或办证,2
116.43,40.050000000000004,代开发票或办证,4
116.39,39.96,侮辱他人,2
116.4,39.96,侮辱他人,3
116.4,39.97,侮辱他人,3
116.29,39.94,代开发票或办证,6
116.28,39.76,冒充机构诈骗,1
116.31,39.800000000000004,冒充机构诈骗,1
116.31,39.81,冒充机构诈骗,1
116.43,39.78,其它诈骗,4
116.28,39.89,代开发票或办证,5
116.48,40.04,代开发票或办证,2
116.36,39.84,冒充机构诈骗,63
116.59,39.83,冒充机构诈骗,3
116.38,39.97,其它广告,31
116.37,39.97,其它广告,5
116.38,39.980000000000004,其它广告,10
116.44,39.99,代开发票或办证,14
116.21000000000001,39.77,代开发票或办证,2
116.33,39.79,冒充机构诈骗,23
116.33,39.86,侮辱他人,4
116.3,39.85,侮辱他人,3
116.33,39.86,代开发票或办证,9
116.38,40.07,代开发票或办证,1
115.95,39.82,冒充机构诈骗,1
116.13,39.7,冒充机构诈骗,2
116.7,39.89,代开发票或办证,9
116.69,39.89,代开发票或办证,10
116.38,39.94,冒充机构诈骗,18
116.43,39.89,冒充机构诈骗,3
116.65,39.88,冒充机构诈骗,2
116.85000000000001,39.74,冒充机构诈骗,4
116.43,39.75,代开发票或办证,1
116.32000000000001,39.75,代开发票或办证,24
116.3,40.14,代开发票或办证,3
116.66,39.95,代开发票或办证,2
116.5,39.86,冒充机构诈骗,17
116.5,39.87,冒充机构诈骗,17
116.47,39.97,冒充机构诈骗,34
116.46000000000001,40.01,代开发票或办证,26
116.53,40.02,代开发票或办证,1
116.54,40.02,代开发票或办证,1
116.69,39.94,代开发票或办证,7
116.42,39.57,冒充机构诈骗,1
116.45,39.97,冒充机构诈骗,18
116.35000000000001,39.99,冒充机构诈骗,15
116.42,40.050000000000004,代开发票或办证,4
116.3,39.85,其它诈骗,2
116.35000000000001,39.980000000000004,其它广告,3
116.86,40.37,代开发票或办证,2
116.47,40.03,代开发票或办证,11
116.63,39.9,其它广告,3
116.66,39.9,其它广告,2
116.44,39.86,冒充机构诈骗,72
116.41,39.99,冒充机构诈骗,4
116.28,39.9,冒充机构诈骗,6
116.3,39.81,代开发票或办证,9
116.23,40.2,其它广告,5
116.32000000000001,40.050000000000004,冒充机构诈骗,25
116.33,40.050000000000004,冒充机构诈骗,9
116.91,39.79,房产广告,1
116.35000000000001,39.77,冒充机构诈骗,1
116.65,39.82,代开发票或办证,2
116.68,39.78,代开发票或办证,1
116.7,39.78,代开发票或办证,4
116.69,39.76,代开发票或办证,1
116.54,39.87,代开发票或办证,10
116.15,39.72,代开发票或办证,3
116.62,39.910000000000004,代开发票或办证,14
116.46000000000001,39.96,贷款广告,2
116.57000000000001,39.78,代开发票或办证,13
116.77,39.910000000000004,冒充机构诈骗,2
116.49000000000001,39.93,冒充机构诈骗,3
116.28,39.99,代开发票或办证,9
116.42,39.87,代开发票或办证,29
116.47,39.96,冒充机构诈骗,7
116.27,39.94,冒充机构诈骗,4
116.22,39.95,冒充机构诈骗,4
116.21000000000001,39.95,冒充机构诈骗,3
116.36,39.99,冒充机构诈骗,14
116.35000000000001,40.0,冒充机构诈骗,1
116.34,40.0,冒充机构诈骗,2
116.2,39.81,代开发票或办证,19
116.21000000000001,39.79,代开发票或办证,4
116.45,40.02,代开发票或办证,11
116.25,39.88,冒充机构诈骗,5
116.60000000000001,39.88,冒充机构诈骗,1
116.61,39.89,冒充机构诈骗,1
116.53,39.9,冒充机构诈骗,20
116.4,39.96,其它广告,4
116.17,39.72,代开发票或办证,10
116.16,39.72,代开发票或办证,11
116.17,39.72,冒充机构诈骗,26
116.16,39.72,冒充机构诈骗,26
116.49000000000001,39.89,冒充机构诈骗,2
116.73,39.87,代开发票或办证,1
116.47,39.910000000000004,其它诈骗,1
116.46000000000001,39.910000000000004,其它诈骗,2
116.33,39.910000000000004,代开发票或办证,12
116.34,39.910000000000004,代开发票或办证,15
116.33,39.9,代开发票或办证,5
116.52,40.12,代开发票或办证,1
116.59,40.050000000000004,代开发票或办证,1
116.59,40.04,代开发票或办证,3
116.37,39.76,代开发票或办证,5
116.46000000000001,40.07,代开发票或办证,6
116.46000000000001,40.08,代开发票或办证,2
116.45,40.08,代开发票或办证,11
116.44,39.800000000000004,冒充机构诈骗,4
116.44,39.81,冒充机构诈骗,14
116.55,39.84,代开发票或办证,16
116.57000000000001,39.84,代开发票或办证,8
116.83,40.050000000000004,冒充机构诈骗,3
116.44,40.22,代开发票或办证,1
116.35000000000001,40.02,代开发票或办证,16
116.31,39.47,房产广告,6
116.29,39.86,代开发票或办证,30
116.42,39.88,房产广告,4
116.12,39.730000000000004,冒充机构诈骗,6
116.2,39.96,冒充机构诈骗,1
116.65,39.800000000000004,代开发票或办证,5
116.65,39.79,代开发票或办证,6
116.45,39.99,代开发票或办证,23
116.45,40.01,代开发票或办证,8
116.29,40.01,代开发票或办证,4
116.42,39.93,其它广告,1
116.48,39.88,其它诈骗,2
116.49000000000001,39.9,其它诈骗,1
116.38,40.0,代开发票或办证,15
116.37,40.01,代开发票或办证,7
116.60000000000001,39.83,代开发票或办证,3
116.60000000000001,39.84,代开发票或办证,5
116.59,39.83,代开发票或办证,5
116.14,39.74,冒充机构诈骗,17
116.15,39.74,冒充机构诈骗,12
116.16,39.75,代开发票或办证,18
116.42,39.77,代开发票或办证,5
116.42,39.78,代开发票或办证,10
116.28,39.89,其它广告,5
116.54,40.11,其它诈骗,5
116.52,39.94,代开发票或办证,24
116.55,39.74,代开发票或办证,13
116.21000000000001,39.9,冒充机构诈骗,28
116.21000000000001,39.89,冒充机构诈骗,7
116.13,39.74,冒充机构诈骗,10
116.34,39.75,房产广告,4
116.35000000000001,39.75,房产广告,4
116.34,39.76,房产广告,2
116.12,39.81,代开发票或办证,2
116.09,39.81,代开发票或办证,1
116.35000000000001,39.980000000000004,冒充机构诈骗,20
116.36,40.01,冒充机构诈骗,2
116.5,39.910000000000004,房产广告,6
116.46000000000001,39.92,其它广告,3
116.32000000000001,40.04,代开发票或办证,5
116.23,39.95,代开发票或办证,3
116.22,39.93,代开发票或办证,1
116.2,39.94,代开发票或办证,2
116.2,39.74,代开发票或办证,2
116.28,39.94,代开发票或办证,48
116.53,40.03,代开发票或办证,7
116.18,39.800000000000004,代开发票或办证,16
116.33,39.910000000000004,冒充机构诈骗,17
116.27,39.59,冒充机构诈骗,4
116.29,39.59,冒充机构诈骗,2
116.5,40.01,代开发票或办证,2
116.72,39.85,其它广告,3
116.71000000000001,39.85,其它广告,1
116.29,39.85,代开发票或办证,72
116.39,40.160000000000004,代开发票或办证,1
116.38,40.15,代开发票或办证,1
116.35000000000001,40.03,代开发票或办证,43
116.29,39.980000000000004,代开发票或办证,21
116.48,39.86,淫秽广告,28
116.48,39.87,淫秽广告,32
116.18,40.04,代开发票或办证,8
116.29,40.06,代开发票或办证,4
116.46000000000001,39.86,淫秽广告,44
116.49000000000001,39.75,代开发票或办证,5
116.48,39.77,代开发票或办证,8
116.49000000000001,39.76,代开发票或办证,23
116.55,39.92,代开发票或办证,17
116.34,39.93,冒充机构诈骗,53
116.27,39.75,冒充机构诈骗,9
116.48,39.84,其它广告,9
116.58,39.93,代开发票或办证,5
116.44,40.14,其它广告,2
116.44,39.88,淫秽广告,18
116.25,39.87,房产广告,5
116.18,39.72,冒充机构诈骗,5
116.19,39.75,冒充机构诈骗,2
116.19,39.78,冒充机构诈骗,1
116.17,39.92,冒充机构诈骗,40
116.18,39.92,冒充机构诈骗,9
116.36,39.77,代开发票或办证,6
116.66,39.9,其它诈骗,1
116.58,39.87,代开发票或办证,4
116.63,39.86,代开发票或办证,8
116.62,39.85,代开发票或办证,7
116.64,39.83,代开发票或办证,4
116.44,39.99,冒充机构诈骗,1
116.4,40.0,淫秽广告,4
116.4,39.95,代开发票或办证,9
116.29,39.82,冒充机构诈骗,19
116.5,39.910000000000004,淫秽广告,26
116.16,39.82,代开发票或办证,1
116.51,39.88,代开发票或办证,10
116.51,39.92,淫秽广告,1
116.48,39.93,淫秽广告,11
116.23,39.76,代开发票或办证,3
116.24000000000001,39.77,代开发票或办证,2
116.61,39.83,代开发票或办证,3
116.43,40.04,代开发票或办证,4
116.53,39.74,代开发票或办证,1
116.23,39.9,冒充机构诈骗,20
116.17,39.76,冒充机构诈骗,21
116.62,39.7,代开发票或办证,2
116.27,39.85,冒充机构诈骗,9
116.2,40.0,代开发票或办证,4
116.24000000000001,39.92,代开发票或办证,5
116.24000000000001,39.93,代开发票或办证,13
116.4,39.76,代开发票或办证,6
116.36,39.86,冒充机构诈骗,53
116.36,39.85,冒充机构诈骗,18
116.35000000000001,39.84,冒充机构诈骗,3
116.32000000000001,39.6,冒充机构诈骗,2
116.32000000000001,39.88,淫秽广告,2
116.3,40.15,代开发票或办证,8
116.29,40.11,代开发票或办证,1
116.5,39.980000000000004,淫秽广告,8
116.7,39.82,代开发票或办证,5
116.35000000000001,40.03,冒充机构诈骗,3
116.35000000000001,40.04,冒充机构诈骗,5
116.22,39.76,冒充机构诈骗,7
116.21000000000001,39.800000000000004,冒充机构诈骗,2
116.15,39.77,代开发票或办证,3
116.03,39.7,代开发票或办证,2
115.75,39.54,代开发票或办证,2
115.75,39.550000000000004,代开发票或办证,2
116.36,39.95,代开发票或办证,7
116.68,39.89,冒充机构诈骗,2
116.51,39.87,房产广告,1
116.21000000000001,39.77,房产广告,3
116.2,39.76,房产广告,1
116.22,39.77,房产广告,1
116.43,39.81,房产广告,1
116.43,39.82,房产广告,1
116.42,39.99,淫秽广告,6
116.53,39.75,代开发票或办证,7
116.35000000000001,39.59,房产广告,2
116.36,39.57,房产广告,1
116.34,39.59,房产广告,1
116.25,39.86,代开发票或办证,24
116.57000000000001,39.87,代开发票或办证,15
116.41,39.78,冒充机构诈骗,25
116.06,39.71,代开发票或办证,29
116.29,39.88,冒充机构诈骗,31
116.45,39.88,淫秽广告,22
116.35000000000001,39.74,代开发票或办证,1
116.39,40.02,冒充机构诈骗,2
116.27,39.95,冒充机构诈骗,21
116.39,40.0,淫秽广告,4
116.25,39.92,冒充机构诈骗,11
116.26,39.92,冒充机构诈骗,12
116.18,39.76,冒充机构诈骗,6
116.44,39.87,淫秽广告,83
116.29,39.92,代开发票或办证,5
116.52,39.94,淫秽广告,2
116.52,39.93,淫秽广告,1
116.52,39.92,淫秽广告,1
116.52,39.77,代开发票或办证,10
116.39,40.06,冒充机构诈骗,2
116.4,40.06,冒充机构诈骗,3
116.48,39.94,冒充机构诈骗,3
116.43,39.72,冒充机构诈骗,4
116.43,39.730000000000004,冒充机构诈骗,9
116.4,39.68,冒充机构诈骗,3
116.21000000000001,39.77,冒充机构诈骗,2
116.22,39.77,冒充机构诈骗,2
116.21000000000001,39.86,代开发票或办证,10
116.4,40.160000000000004,代开发票或办证,1
116.4,40.17,代开发票或办证,10
116.37,39.86,其它诈骗,3
116.37,39.85,其它诈骗,1
116.37,39.84,其它诈骗,2
116.31,39.81,代开发票或办证,9
116.43,39.77,代开发票或办证,4
116.43,39.76,代开发票或办证,14
116.28,39.910000000000004,代开发票或办证,10
116.35000000000001,39.79,代开发票或办证,10
116.15,39.800000000000004,代开发票或办证,11
116.4,39.88,代开发票或办证,11
116.14,39.75,代开发票或办证,10
116.53,39.92,代开发票或办证,16
116.27,39.85,代开发票或办证,10
116.37,40.1,代开发票或办证,6
116.37,40.09,代开发票或办证,2
116.38,40.09,代开发票或办证,1
116.4,40.15,其它广告,5
116.41,40.15,其它广告,3
116.43,40.01,其它广告,1
116.7,39.93,代开发票或办证,10
116.7,39.92,代开发票或办证,6
116.33,39.81,代开发票或办证,14
116.32000000000001,39.82,代开发票或办证,3
116.17,39.84,代开发票或办证,4
116.52,39.75,房产广告,5
116.67,39.94,代开发票或办证,3
116.65,39.93,代开发票或办证,22
116.61,39.9,代开发票或办证,34
116.4,39.86,房产广告,2
116.25,39.88,代开发票或办证,6
116.34,39.81,房产广告,2
116.38,39.76,代开发票或办证,1
116.55,39.76,代开发票或办证,8
116.43,39.78,代开发票或办证,5
116.18,39.9,代开发票或办证,11
116.17,39.910000000000004,代开发票或办证,1
116.43,40.06,代开发票或办证,13
116.69,39.910000000000004,代开发票或办证,19
116.34,39.94,代开发票或办证,17
116.43,39.99,冒充机构诈骗,10
116.06,39.69,代开发票或办证,2
116.06,39.65,代开发票或办证,7
116.07000000000001,39.65,代开发票或办证,4
116.37,39.71,代开发票或办证,5
116.35000000000001,39.86,侮辱他人,16
116.57000000000001,39.800000000000004,代开发票或办证,13
116.28,40.15,其它广告,2
116.42,39.910000000000004,冒充机构诈骗,8
116.33,40.01,代开发票或办证,3
116.39,39.86,房产广告,1
116.35000000000001,39.89,其它诈骗,2
116.34,39.89,其它诈骗,1
116.56,40.06,冒充机构诈骗,4
116.49000000000001,39.88,冒充机构诈骗,10
116.46000000000001,40.17,代开发票或办证,8
116.43,40.160000000000004,代开发票或办证,2
116.46000000000001,39.94,其它诈骗,1
116.46000000000001,39.79,代开发票或办证,5
116.3,39.76,代开发票或办证,32
116.17,39.9,冒充机构诈骗,2
116.44,39.88,其它诈骗,2
116.33,39.87,代开发票或办证,17
116.36,39.980000000000004,冒充机构诈骗,31
116.41,39.86,房产广告,3
116.28,39.93,代开发票或办证,4
116.41,40.02,冒充机构诈骗,8
116.27,40.0,代开发票或办证,12
116.31,40.02,冒充机构诈骗,43
116.5,39.75,房产广告,4
116.49000000000001,39.75,房产广告,1
116.61,40.050000000000004,代开发票或办证,1
116.36,40.01,其它广告,3
116.28,39.78,代开发票或办证,4
116.34,39.980000000000004,冒充机构诈骗,5
116.18,39.910000000000004,代开发票或办证,6
116.5,39.800000000000004,房产广告,12
116.48,39.79,房产广告,6
116.2,40.24,代开发票或办证,2
116.22,40.11,代开发票或办证,2
116.27,39.910000000000004,冒充机构诈骗,39
116.44,40.06,代开发票或办证,5
116.2,39.75,代开发票或办证,32
116.60000000000001,39.82,代开发票或办证,4
116.29,39.84,冒充机构诈骗,14
116.36,39.89,冒充机构诈骗,1
116.28,39.78,冒充机构诈骗,10
116.33,39.82,代开发票或办证,23
116.28,39.96,冒充机构诈骗,7
116.54,39.89,代开发票或办证,13
116.41,39.97,其它广告,4
116.52,39.95,代开发票或办证,8
116.38,40.1,冒充机构诈骗,2
116.42,40.02,冒充机构诈骗,4
116.28,39.77,冒充机构诈骗,12
116.25,39.9,代开发票或办证,18
116.3,40.07,代开发票或办证,6
116.37,39.88,冒充机构诈骗,2
116.37,39.9,冒充机构诈骗,2
116.33,40.01,冒充机构诈骗,1
116.34,39.96,冒充机构诈骗,11
116.33,39.97,冒充机构诈骗,3
116.7,39.9,代开发票或办证,3
116.36,39.87,侮辱他人,3
116.27,39.86,冒充机构诈骗,3
116.18,39.730000000000004,冒充机构诈骗,7
116.18,39.74,冒充机构诈骗,16
116.61,39.88,代开发票或办证,9
116.37,39.95,侮辱他人,2
116.31,39.96,冒充机构诈骗,7
116.42,39.93,冒充机构诈骗,2
116.17,40.050000000000004,冒充机构诈骗,1
116.33,39.980000000000004,冒充机构诈骗,3
116.46000000000001,39.85,冒充机构诈骗,1
116.45,39.94,其它广告,2
116.57000000000001,39.92,其它广告,1
116.44,39.980000000000004,房产广告,1
116.39,39.83,房产广告,1
116.28,39.82,冒充机构诈骗,5
116.27,39.83,冒充机构诈骗,6
116.41,40.12,代开发票或办证,7
116.42,40.12,代开发票或办证,2
116.52,40.0,冒充机构诈骗,2
116.41,40.11,冒充机构诈骗,1
116.42,40.11,冒充机构诈骗,1
116.55,39.94,代开发票或办证,8
116.56,39.93,代开发票或办证,7
116.69,39.95,代开发票或办证,5
116.35000000000001,39.97,冒充机构诈骗,16
116.65,39.86,代开发票或办证,18
116.65,39.83,代开发票或办证,13
116.69,39.84,代开发票或办证,4
116.17,39.64,冒充机构诈骗,2
116.15,39.660000000000004,冒充机构诈骗,1
116.78,39.82,代开发票或办证,2
116.21000000000001,39.910000000000004,冒充机构诈骗,1
116.2,39.910000000000004,冒充机构诈骗,1
116.2,39.89,冒充机构诈骗,3
116.60000000000001,39.95,代开发票或办证,2
116.44,40.01,代开发票或办证,2
116.33,39.71,代开发票或办证,6
116.16,39.730000000000004,冒充机构诈骗,4
116.44,39.980000000000004,冒充机构诈骗,2
116.44,39.97,冒充机构诈骗,6
116.35000000000001,39.95,侮辱他人,3
116.25,40.12,代开发票或办证,14
116.51,40.01,代开发票或办证,8
116.19,39.79,代开发票或办证,19
116.18,39.79,代开发票或办证,8
116.33,39.78,冒充机构诈骗,3
116.21000000000001,39.84,代开发票或办证,12
116.49000000000001,39.9,冒充机构诈骗,7
116.7,39.86,代开发票或办证,5
116.71000000000001,39.86,代开发票或办证,3
116.46000000000001,39.82,代开发票或办证,2
116.28,40.160000000000004,代开发票或办证,3
116.27,40.15,代开发票或办证,9
116.19,39.92,代开发票或办证,1
116.28,39.88,代开发票或办证,12
116.5,39.75,代开发票或办证,9
116.2,39.83,代开发票或办证,13
116.54,39.95,代开发票或办证,3
116.52,39.97,代开发票或办证,2
116.22,39.9,其它诈骗,4
116.7,39.83,代开发票或办证,9
116.72,39.82,代开发票或办证,2
116.71000000000001,39.83,代开发票或办证,2
116.3,40.08,代开发票或办证,24
116.32000000000001,40.1,代开发票或办证,4
116.4,39.93,冒充机构诈骗,9
116.11,39.730000000000004,代开发票或办证,2
116.36,39.89,代开发票或办证,27
116.31,39.800000000000004,代开发票或办证,4
116.37,39.82,代开发票或办证,14
116.42,39.99,冒充机构诈骗,28
116.51,39.87,代开发票或办证,4
116.62,39.89,代开发票或办证,10
116.58,39.88,代开发票或办证,4
116.29,39.86,淫秽广告,8
116.69,39.9,代开发票或办证,3
116.43,39.96,侮辱他人,3
116.32000000000001,39.89,其它广告,2
116.36,40.08,冒充机构诈骗,12
116.4,39.910000000000004,冒充机构诈骗,3
116.37,39.86,侮辱他人,1
116.38,39.86,侮辱他人,1
116.31,39.79,侮辱他人,1
116.3,39.75,侮辱他人,1
116.62,40.02,代开发票或办证,11
116.75,40.03,代开发票或办证,5
116.31,39.93,贷款广告,4
116.3,39.93,贷款广告,8
116.2,39.88,其它诈骗,2
116.49000000000001,39.800000000000004,代开发票或办证,29
116.53,39.78,代开发票或办证,2
116.58,39.78,代开发票或办证,11
116.54,39.730000000000004,代开发票或办证,10
116.12,39.71,代开发票或办证,9
116.56,40.0,代开发票或办证,5
116.49000000000001,39.87,淫秽广告,5
116.19,39.910000000000004,冒充机构诈骗,2
116.19,39.910000000000004,代开发票或办证,4
116.45,39.980000000000004,其它广告,10
116.32000000000001,39.77,代开发票或办证,6
116.35000000000001,39.77,代开发票或办证,3
116.5,39.94,淫秽广告,1
116.5,39.96,淫秽广告,10
116.45,39.99,其它广告,9
116.37,39.82,冒充机构诈骗,4
116.16,39.800000000000004,代开发票或办证,4
116.11,40.230000000000004,冒充机构诈骗,4
116.12,40.230000000000004,冒充机构诈骗,6
116.3,40.01,冒充机构诈骗,1
116.37,39.69,房产广告,1
116.4,39.63,房产广告,1
116.39,39.62,房产广告,2
116.39,39.61,房产广告,1
116.37,39.7,代开发票或办证,1
116.56,39.84,代开发票或办证,8
116.35000000000001,39.9,冒充机构诈骗,6
116.35000000000001,39.910000000000004,冒充机构诈骗,32
116.19,39.9,代开发票或办证,9
116.4,39.74,代开发票或办证,5
116.31,39.89,冒充机构诈骗,10
116.35000000000001,39.92,淫秽广告,7
116.05,39.71,代开发票或办证,2
116.77,39.85,代开发票或办证,5
116.46000000000001,39.83,淫秽广告,4
116.45,39.83,淫秽广告,1
116.44,39.83,淫秽广告,1
116.38,39.88,淫秽广告,4
116.61,40.04,代开发票或办证,4
116.42,39.88,冒充机构诈骗,6
116.47,39.9,其它广告,2
116.42,39.97,其它广告,2
116.28,39.97,代开发票或办证,11
116.33,39.660000000000004,代开发票或办证,1
116.33,40.06,冒充机构诈骗,7
116.36,39.980000000000004,淫秽广告,6
116.11,39.9,代开发票或办证,3
116.45,39.980000000000004,淫秽广告,12
116.15,39.72,冒充机构诈骗,12
116.4,39.97,淫秽广告,30
116.36,39.86,淫秽广告,6
116.35000000000001,39.78,代开发票或办证,3
116.49000000000001,40.09,代开发票或办证,9
116.39,39.82,代开发票或办证,1
116.26,39.92,代开发票或办证,25
116.25,40.15,代开发票或办证,3
116.56,39.72,房产广告,2
116.10000000000001,39.72,代开发票或办证,9
116.54,39.92,代开发票或办证,19
116.33,39.76,代开发票或办证,39
116.32000000000001,39.76,代开发票或办证,3
116.54,39.97,冒充机构诈骗,13
116.3,39.77,代开发票或办证,8
116.31,40.06,代开发票或办证,13
116.29,39.75,冒充机构诈骗,5
116.21000000000001,39.92,代开发票或办证,2
116.53,39.87,代开发票或办证,15
116.34,39.94,其它广告,5
116.46000000000001,39.79,冒充机构诈骗,6
116.67,39.84,代开发票或办证,1
116.65,39.84,代开发票或办证,2
116.67,39.83,代开发票或办证,4
116.27,39.87,冒充机构诈骗,5
116.45,39.76,代开发票或办证,6
116.36,39.76,冒充机构诈骗,2
116.29,39.79,代开发票或办证,2
116.28,39.800000000000004,代开发票或办证,4
116.64,39.89,淫秽广告,1
116.65,39.89,淫秽广告,5
116.31,40.050000000000004,代开发票或办证,24
116.31,40.06,其它广告,4
116.46000000000001,40.02,冒充机构诈骗,6
116.27,39.75,代开发票或办证,5
116.28,39.75,代开发票或办证,1
116.11,39.93,其它诈骗,2
116.37,39.86,房产广告,1
116.38,40.1,代开发票或办证,9
116.53,39.93,代开发票或办证,12
116.31,39.87,冒充机构诈骗,3
116.3,39.88,冒充机构诈骗,25
116.39,40.07,其它诈骗,1
116.48,39.87,冒充机构诈骗,8
116.41,40.14,代开发票或办证,5
116.69,39.92,代开发票或办证,5
116.48,39.82,代开发票或办证,4
116.47,39.82,代开发票或办证,8
116.47,39.800000000000004,房产广告,2
116.59,40.07,房产广告,1
116.49000000000001,39.910000000000004,房产广告,6
116.48,39.910000000000004,房产广告,9
116.32000000000001,39.87,冒充机构诈骗,3
116.22,39.95,代开发票或办证,4
116.34,40.01,代开发票或办证,19
116.57000000000001,40.03,冒充机构诈骗,1
116.58,40.07,冒充机构诈骗,1
116.43,39.82,代开发票或办证,12
116.3,39.74,冒充机构诈骗,2
116.29,39.74,冒充机构诈骗,2
116.34,39.910000000000004,房产广告,1
116.35000000000001,39.92,房产广告,3
116.35000000000001,39.93,房产广告,1
116.59,39.88,冒充机构诈骗,1
116.58,39.88,冒充机构诈骗,1
116.56,39.800000000000004,代开发票或办证,5
116.35000000000001,39.95,冒充机构诈骗,4
116.33,40.02,代开发票或办证,9
116.34,40.08,代开发票或办证,1
116.68,39.94,代开发票或办证,9
116.72,39.910000000000004,代开发票或办证,1
116.60000000000001,39.88,代开发票或办证,19
116.52,39.76,其它广告,1
116.59,39.88,代开发票或办证,3
116.5,39.88,代开发票或办证,12
116.06,39.72,代开发票或办证,3
116.56,40.03,冒充机构诈骗,10
116.23,39.88,冒充机构诈骗,1
116.24000000000001,39.88,冒充机构诈骗,4
116.14,39.7,冒充机构诈骗,1
116.49000000000001,39.79,房产广告,7
116.32000000000001,40.07,冒充机构诈骗,1
116.32000000000001,40.08,冒充机构诈骗,2
116.5,39.77,代开发票或办证,7
116.33,40.04,冒充机构诈骗,5
116.36,39.9,冒充机构诈骗,2
116.72,39.86,代开发票或办证,4
116.73,39.86,代开发票或办证,1
116.56,40.02,冒充机构诈骗,2
116.54,39.78,代开发票或办证,2
116.5,39.980000000000004,冒充机构诈骗,8
116.52,39.82,代开发票或办证,4
116.57000000000001,39.82,代开发票或办证,2
116.71000000000001,39.9,代开发票或办证,5
116.12,39.71,冒充机构诈骗,6
116.11,39.71,冒充机构诈骗,7
116.45,39.82,冒充机构诈骗,5
116.33,39.96,冒充机构诈骗,13
116.33,40.13,代开发票或办证,1
115.95,39.72,代开发票或办证,2
115.98,39.69,代开发票或办证,1
116.41,39.87,代开发票或办证,11
116.4,39.9,房产广告,4
116.4,39.910000000000004,房产广告,4
116.31,39.730000000000004,代开发票或办证,1
116.49000000000001,39.79,代开发票或办证,7
116.26,39.93,代开发票或办证,3
116.42,39.9,淫秽广告,6
116.41,39.9,淫秽广告,2
116.64,40.21,代开发票或办证,3
116.64,40.32,代开发票或办证,2
116.28,39.75,冒充机构诈骗,9
116.26,40.14,代开发票或办证,10
116.31,39.76,代开发票或办证,1
116.16,39.86,代开发票或办证,3
116.17,39.85,代开发票或办证,1
116.14,39.86,代开发票或办证,1
116.44,40.04,代开发票或办证,3
116.43,39.89,淫秽广告,7
116.56,39.85,代开发票或办证,13
116.36,39.92,代开发票或办证,3
116.18,39.85,代开发票或办证,1
116.19,39.83,代开发票或办证,1
116.28,39.95,冒充机构诈骗,21
116.12,39.93,冒充机构诈骗,4
116.07000000000001,39.67,代开发票或办证,1
116.08,39.660000000000004,代开发票或办证,8
116.31,40.0,代开发票或办证,6
116.07000000000001,39.64,冒充机构诈骗,2
116.33,39.89,冒充机构诈骗,3
116.47,39.88,淫秽广告,13
116.47,39.87,淫秽广告,8
116.51,39.84,代开发票或办证,7
116.39,39.76,代开发票或办证,8
116.4,39.81,冒充机构诈骗,7
116.48,40.01,其它广告,1
116.27,39.84,冒充机构诈骗,4
116.26,39.800000000000004,冒充机构诈骗,2
116.26,39.81,冒充机构诈骗,2
116.25,39.82,冒充机构诈骗,2
116.33,39.71,冒充机构诈骗,2
116.37,39.86,贷款广告,1
116.47,39.980000000000004,贷款广告,1
116.28,39.79,代开发票或办证,3
116.31,39.92,冒充机构诈骗,26
116.31,39.95,冒充机构诈骗,33
116.35000000000001,40.08,冒充机构诈骗,2
116.45,39.97,代开发票或办证,16
116.48,39.96,其它广告,1
116.45,39.97,其它广告,4
116.3,40.08,其它广告,1
116.29,39.86,冒充机构诈骗,13
116.29,39.87,冒充机构诈骗,38
116.06,39.730000000000004,冒充机构诈骗,2
116.15,39.75,冒充机构诈骗,3
116.37,39.87,冒充机构诈骗,3
116.37,39.86,冒充机构诈骗,15
116.43,39.99,淫秽广告,4
116.56,39.88,代开发票或办证,7
116.56,39.89,代开发票或办证,1
116.57000000000001,39.88,代开发票或办证,1
116.39,39.78,冒充机构诈骗,3
116.54,39.83,冒充机构诈骗,5
116.35000000000001,39.910000000000004,淫秽广告,29
116.47,39.89,淫秽广告,13
116.38,39.61,代开发票或办证,1
116.36,40.09,冒充机构诈骗,1
116.31,40.04,代开发票或办证,7
116.22,39.89,其它广告,2
116.22,39.9,其它广告,1
116.47,39.83,房产广告,2
116.47,39.84,房产广告,1
116.48,39.84,房产广告,1
116.48,39.87,房产广告,4
116.34,40.03,冒充机构诈骗,4
116.61,39.86,代开发票或办证,2
116.60000000000001,39.86,代开发票或办证,1
116.4,39.72,代开发票或办证,4
116.56,39.81,代开发票或办证,1
116.58,39.82,淫秽广告,4
116.58,39.84,淫秽广告,2
116.29,40.1,代开发票或办证,10
116.22,39.76,代开发票或办证,24
116.10000000000001,39.94,代开发票或办证,2
116.52,39.96,代开发票或办证,6
116.71000000000001,39.85,代开发票或办证,3
116.5,39.83,代开发票或办证,2
116.49000000000001,39.83,代开发票或办证,10
116.49000000000001,39.77,代开发票或办证,4
116.51,39.95,代开发票或办证,1
116.53,39.96,代开发票或办证,14
116.34,40.02,冒充机构诈骗,3
116.17,39.92,代开发票或办证,4
116.44,39.980000000000004,其它广告,3
116.25,39.87,代开发票或办证,16
116.32000000000001,39.78,房产广告,3
116.23,40.22,代开发票或办证,2
116.23,40.21,代开发票或办证,3
116.22,40.230000000000004,代开发票或办证,1
116.72,39.94,代开发票或办证,6
116.63,39.84,代开发票或办证,1
116.25,40.04,代开发票或办证,4
116.29,39.93,代开发票或办证,1
116.48,39.84,冒充机构诈骗,5
116.3,40.0,代开发票或办证,3
116.61,39.910000000000004,代开发票或办证,15
116.36,40.0,其它广告,4
116.34,40.050000000000004,其它广告,1
116.38,39.96,侮辱他人,3
116.25,39.84,代开发票或办证,2
116.24000000000001,39.84,代开发票或办证,6
116.46000000000001,40.17,其它广告,3
115.94,39.730000000000004,冒充机构诈骗,3
115.93,39.730000000000004,冒充机构诈骗,2
116.64,39.79,代开发票或办证,2
116.43,40.0,代开发票或办证,4
116.43,40.01,代开发票或办证,7
116.36,39.85,其它广告,5
116.37,39.85,其它广告,3
116.42,39.84,其它广告,1
116.2,40.22,代开发票或办证,1
116.19,40.22,代开发票或办证,4
116.28,39.75,其它诈骗,2
116.36,39.81,冒充机构诈骗,4
116.52,39.86,代开发票或办证,10
116.48,39.79,其它广告,3
116.36,39.82,代开发票或办证,3
116.38,40.03,代开发票或办证,2
116.38,40.04,代开发票或办证,1
116.4,40.08,代开发票或办证,2
116.32000000000001,39.74,代开发票或办证,11
116.51,39.82,房产广告,5
116.47,40.07,冒充机构诈骗,2
116.16,40.230000000000004,其它广告,1
116.66,39.83,代开发票或办证,2
116.52,39.81,代开发票或办证,2
116.33,40.06,代开发票或办证,7
116.39,39.86,冒充机构诈骗,1
116.49000000000001,39.86,冒充机构诈骗,3
116.3,39.97,冒充机构诈骗,16
116.43,39.88,房产广告,6
116.43,39.87,房产广告,1
116.17,39.730000000000004,代开发票或办证,2
116.57000000000001,39.79,代开发票或办证,6
116.47,39.910000000000004,房产广告,28
116.44,39.72,代开发票或办证,1
116.45,39.7,代开发票或办证,1
116.5,39.68,代开发票或办证,4
116.22,39.89,冒充机构诈骗,5
116.54,39.96,冒充机构诈骗,4
116.39,39.95,冒充机构诈骗,6
116.43,39.89,房产广告,4
116.32000000000001,40.06,代开发票或办证,4
116.35000000000001,40.02,冒充机构诈骗,6
116.3,40.050000000000004,冒充机构诈骗,2
116.57000000000001,40.0,冒充机构诈骗,3
116.45,39.81,冒充机构诈骗,4
116.46000000000001,39.81,冒充机构诈骗,2
116.29,39.89,冒充机构诈骗,8
116.56,39.910000000000004,冒充机构诈骗,8
116.55,39.910000000000004,冒充机构诈骗,5
116.28,40.01,冒充机构诈骗,3
116.27,40.01,冒充机构诈骗,10
116.5,39.94,冒充机构诈骗,1
116.4,39.7,冒充机构诈骗,1
116.4,39.69,冒充机构诈骗,2
116.4,39.71,冒充机构诈骗,2
116.33,39.800000000000004,冒充机构诈骗,2
116.73,39.92,代开发票或办证,6
116.31,39.67,代开发票或办证,2
116.41,40.19,其它广告,2
116.4,40.19,其它广告,2
116.21000000000001,39.910000000000004,代开发票或办证,1
116.49000000000001,40.08,代开发票或办证,1
116.93,40.06,代开发票或办证,1
117.2,40.12,代开发票或办证,1
116.5,39.97,冒充机构诈骗,8
116.51,39.97,冒充机构诈骗,2
116.48,39.81,代开发票或办证,4
116.49000000000001,39.81,代开发票或办证,4
116.31,39.79,冒充机构诈骗,3
116.48,39.78,代开发票或办证,4
116.44,39.910000000000004,代开发票或办证,34
116.15,39.76,冒充机构诈骗,10
116.4,40.12,代开发票或办证,9
116.39,40.0,代开发票或办证,20
116.23,39.87,代开发票或办证,6
116.22,39.86,代开发票或办证,1
116.23,39.88,代开发票或办证,4
116.39,39.79,代开发票或办证,5
116.39,39.800000000000004,代开发票或办证,7
116.36,40.1,代开发票或办证,2
116.36,40.09,代开发票或办证,1
116.22,39.88,代开发票或办证,3
116.21000000000001,39.88,代开发票或办证,2
116.37,39.96,冒充机构诈骗,15
116.23,39.83,代开发票或办证,2
116.47,39.79,房产广告,1
116.41,39.79,代开发票或办证,8
116.55,39.97,冒充机构诈骗,6
116.36,39.97,冒充机构诈骗,6
116.53,39.95,代开发票或办证,5
116.36,39.96,冒充机构诈骗,10
116.31,39.92,其它诈骗,5
116.55,39.75,代开发票或办证,3
116.3,39.910000000000004,冒充机构诈骗,12
116.51,39.76,代开发票或办证,5
116.36,39.78,代开发票或办证,3
116.26,39.910000000000004,冒充机构诈骗,10
116.17,39.75,代开发票或办证,9
116.53,40.0,淫秽广告,2
116.46000000000001,40.19,代开发票或办证,4
116.44,40.18,代开发票或办证,4
116.55,40.02,代开发票或办证,4
116.25,40.19,代开发票或办证,1
116.18,40.22,代开发票或办证,1
116.48,39.89,其它广告,4
116.47,39.89,其它广告,1
116.45,39.84,代开发票或办证,14
116.49000000000001,39.89,其它广告,17
116.32000000000001,39.7,代开发票或办证,2
116.48,39.96,淫秽广告,1
116.46000000000001,39.980000000000004,其它广告,2
116.56,39.86,代开发票或办证,7
116.13,39.94,冒充机构诈骗,29
116.47,39.93,淫秽广告,5
116.14,39.92,冒充机构诈骗,4
116.13,39.93,冒充机构诈骗,14
116.14,39.92,代开发票或办证,2
116.13,39.93,代开发票或办证,1
116.26,40.15,代开发票或办证,2
116.29,39.92,冒充机构诈骗,15
116.29,39.93,冒充机构诈骗,10
116.71000000000001,39.92,房产广告,2
116.33,39.82,房产广告,1
116.31,40.03,冒充机构诈骗,11
116.31,40.04,冒充机构诈骗,5
116.15,39.92,冒充机构诈骗,12
116.46000000000001,39.800000000000004,房产广告,4
116.10000000000001,39.71,代开发票或办证,1
116.45,39.9,房产广告,3
116.39,39.9,房产广告,1
116.48,39.85,淫秽广告,1
116.48,39.95,淫秽广告,1
116.01,39.71,代开发票或办证,1
116.31,40.07,冒充机构诈骗,6
116.36,40.050000000000004,冒充机构诈骗,3
116.37,39.76,冒充机构诈骗,4
116.35000000000001,39.75,冒充机构诈骗,3
116.24000000000001,39.94,代开发票或办证,14
116.34,39.92,冒充机构诈骗,14
116.36,39.97,淫秽广告,10
116.35000000000001,39.97,淫秽广告,4
116.17,39.78,冒充机构诈骗,2
116.18,39.77,冒充机构诈骗,2
116.54,39.910000000000004,冒充机构诈骗,4
116.61,40.11,代开发票或办证,2
116.58,40.11,代开发票或办证,4
116.46000000000001,39.92,贷款广告,3
116.35000000000001,39.800000000000004,代开发票或办证,2
116.3,40.01,代开发票或办证,2
116.23,39.86,代开发票或办证,1
116.21000000000001,39.82,代开发票或办证,3
116.32000000000001,39.910000000000004,代开发票或办证,7
116.42,39.85,房产广告,3
116.42,39.78,房产广告,1
116.58,39.97,代开发票或办证,5
116.58,39.95,代开发票或办证,5
116.28,40.15,代开发票或办证,2
116.4,39.97,其它诈骗,4
116.45,39.79,其它诈骗,3
116.45,39.800000000000004,其它诈骗,2
116.63,39.980000000000004,代开发票或办证,1
116.07000000000001,39.63,代开发票或办证,2
116.08,39.62,代开发票或办证,2
116.06,39.6,代开发票或办证,3
116.4,39.99,冒充机构诈骗,2
116.10000000000001,39.72,冒充机构诈骗,4
116.16,39.68,冒充机构诈骗,2
116.11,39.730000000000004,冒充机构诈骗,2
116.3,39.93,冒充机构诈骗,13
116.46000000000001,40.15,代开发票或办证,2
116.46000000000001,40.15,其它广告,1
116.57000000000001,40.06,代开发票或办证,10
116.19,39.76,代开发票或办证,4
116.48,39.800000000000004,房产广告,3
116.37,39.88,侮辱他人,3
116.36,39.88,侮辱他人,1
116.55,39.77,冒充机构诈骗,2
116.54,39.75,冒充机构诈骗,1
116.29,40.050000000000004,代开发票或办证,2
116.32000000000001,39.92,其它诈骗,5
116.53,40.04,代开发票或办证,3
116.39,39.95,其它广告,1
116.27,39.84,代开发票或办证,8
116.19,39.730000000000004,冒充机构诈骗,3
116.26,40.160000000000004,代开发票或办证,1
116.25,40.160000000000004,代开发票或办证,1
116.58,39.79,代开发票或办证,1
116.43,39.88,冒充机构诈骗,3
116.51,39.77,冒充机构诈骗,4
116.42,40.0,冒充机构诈骗,46
116.33,39.46,房产广告,2
116.3,39.92,冒充机构诈骗,12
116.51,39.81,房产广告,1
116.41,39.910000000000004,其它广告,3
116.39,39.9,其它广告,1
116.24000000000001,39.82,代开发票或办证,1
116.35000000000001,40.04,代开发票或办证,10
116.34,39.88,冒充机构诈骗,10
116.3,39.83,冒充机构诈骗,1
116.54,39.84,代开发票或办证,6
116.52,39.89,房产广告,2
116.52,39.88,房产广告,2
116.35000000000001,39.99,其它诈骗,3
116.41,40.06,冒充机构诈骗,3
116.53,39.77,代开发票或办证,6
116.53,39.79,代开发票或办证,4
116.41,39.800000000000004,代开发票或办证,9
116.22,39.84,冒充机构诈骗,1
116.55,39.86,冒充机构诈骗,3
116.66,39.88,其它诈骗,3
116.63,39.89,其它诈骗,1
116.39,39.97,其它广告,1
116.28,39.72,代开发票或办证,7
116.69,39.77,代开发票或办证,2
116.78,39.71,代开发票或办证,1
116.78,39.7,代开发票或办证,1
116.79,39.7,代开发票或办证,1
116.49000000000001,39.96,冒充机构诈骗,10
116.32000000000001,40.06,其它广告,4
116.26,40.02,冒充机构诈骗,1
116.85000000000001,40.38,冒充机构诈骗,6
116.54,39.910000000000004,房产广告,1
116.42,39.78,冒充机构诈骗,12
116.34,40.2,其它广告,2
116.34,40.2,代开发票或办证,7
116.49000000000001,39.87,房产广告,2
116.34,39.92,房产广告,1
116.52,39.95,其它诈骗,1
116.53,39.95,其它诈骗,1
116.27,39.83,代开发票或办证,3
116.31,40.15,代开发票或办证,1
116.32000000000001,40.14,代开发票或办证,2
116.14,40.14,代开发票或办证,1
116.5,39.99,冒充机构诈骗,9
116.5,40.0,冒充机构诈骗,6
116.5,40.01,冒充机构诈骗,3
116.51,40.0,冒充机构诈骗,3
116.4,40.19,冒充机构诈骗,2
116.27,39.9,冒充机构诈骗,26
116.24000000000001,39.92,冒充机构诈骗,7
116.53,40.0,代开发票或办证,13
116.52,40.0,代开发票或办证,1
116.5,40.03,代开发票或办证,3
116.51,40.03,代开发票或办证,1
116.51,39.93,其它广告,1
116.51,39.92,其它广告,2
116.63,39.92,其它广告,3
116.53,39.97,代开发票或办证,1
116.37,39.88,房产广告,3
116.37,39.83,冒充机构诈骗,36
116.58,39.89,冒充机构诈骗,10
116.60000000000001,39.910000000000004,冒充机构诈骗,2
116.3,39.84,冒充机构诈骗,1
116.11,39.81,冒充机构诈骗,6
116.27,40.09,代开发票或办证,8
116.56,39.95,代开发票或办证,7
116.48,39.82,冒充机构诈骗,2
116.48,39.81,冒充机构诈骗,2
116.71000000000001,39.87,代开发票或办证,4
116.42,39.79,冒充机构诈骗,4
116.15,39.93,冒充机构诈骗,20
116.44,39.76,代开发票或办证,9
116.3,39.85,冒充机构诈骗,2
116.47,39.92,房产广告,1
116.46000000000001,39.93,房产广告,3
116.46000000000001,39.92,房产广告,1
116.47,39.76,代开发票或办证,1
116.16,39.77,冒充机构诈骗,9
116.58,39.74,房产广告,2
116.59,39.74,房产广告,2
116.48,39.86,冒充机构诈骗,6
116.58,39.910000000000004,冒充机构诈骗,3
116.38,40.17,代开发票或办证,2
116.41,39.89,冒充机构诈骗,7
116.41,39.9,房产广告,5
116.32000000000001,39.95,冒充机构诈骗,22
116.3,39.89,冒充机构诈骗,10
116.49000000000001,39.95,冒充机构诈骗,4
116.55,39.730000000000004,代开发票或办证,10
116.31,39.9,冒充机构诈骗,21
116.35000000000001,40.07,代开发票或办证,1
116.33,39.81,冒充机构诈骗,6
116.32000000000001,39.87,代开发票或办证,16
116.59,39.95,代开发票或办证,1
116.19,39.93,冒充机构诈骗,3
116.42,39.97,淫秽广告,8
116.44,39.75,房产广告,4
116.66,40.13,代开发票或办证,4
116.28,40.050000000000004,代开发票或办证,2
116.65,39.69,其它诈骗,1
116.53,39.85,代开发票或办证,2
116.21000000000001,39.97,代开发票或办证,2
116.47,39.94,冒充机构诈骗,19
116.18,39.78,代开发票或办证,4
116.36,39.84,其它广告,1
116.15,39.76,代开发票或办证,4
116.46000000000001,39.97,冒充机构诈骗,2
116.11,39.81,代开发票或办证,2
116.10000000000001,39.800000000000004,代开发票或办证,1
116.33,40.06,其它广告,2
116.15,39.84,代开发票或办证,2
116.85000000000001,40.37,其它诈骗,4
116.64,39.84,代开发票或办证,1
116.38,39.85,房产广告,1
116.48,39.86,房产广告,3
116.7,39.84,代开发票或办证,8
116.26,40.1,代开发票或办证,4
116.4,39.99,其它广告,1
116.41,40.0,其它广告,4
116.34,39.97,冒充机构诈骗,5
116.12,39.75,代开发票或办证,1
116.28,39.96,其它诈骗,2
116.33,39.92,其它广告,2
116.33,39.93,其它广告,1
116.32000000000001,39.93,其它广告,1
116.43,40.01,冒充机构诈骗,2
116.43,40.0,冒充机构诈骗,5
116.09,39.71,代开发票或办证,1
116.08,39.71,代开发票或办证,3
116.07000000000001,39.71,代开发票或办证,1
116.48,39.76,房产广告,2
116.58,39.82,代开发票或办证,3
116.36,39.97,其它广告,2
116.19,39.800000000000004,冒充机构诈骗,4
116.38,40.19,代开发票或办证,1
116.39,39.93,代开发票或办证,4
116.39,39.910000000000004,冒充机构诈骗,4
116.41,40.050000000000004,冒充机构诈骗,8
116.17,39.76,代开发票或办证,12
116.27,39.76,冒充机构诈骗,1
116.4,40.11,代开发票或办证,2
116.33,39.92,侮辱他人,1
116.65,40.1,代开发票或办证,1
116.65,40.11,代开发票或办证,2
116.7,40.14,代开发票或办证,1
116.65,40.12,代开发票或办证,2
116.31,39.68,其它诈骗,2
116.32000000000001,39.68,其它诈骗,2
116.72,39.83,代开发票或办证,2
116.36,39.980000000000004,其它广告,2
116.31,39.97,其它广告,2
116.55,39.81,其它广告,1
116.3,40.04,其它广告,1
116.34,40.04,其它广告,3
116.27,39.89,冒充机构诈骗,12
116.32000000000001,39.65,房产广告,2
116.31,39.47,代开发票或办证,3
116.32000000000001,39.65,代开发票或办证,4
116.26,39.86,侮辱他人,4
116.47,39.99,其它诈骗,5
116.43,40.08,代开发票或办证,3
116.44,40.08,代开发票或办证,1
116.51,39.92,冒充机构诈骗,6
116.5,39.93,冒充机构诈骗,2
116.31,39.68,代开发票或办证,7
116.3,39.68,代开发票或办证,2
116.3,39.69,代开发票或办证,4
116.29,39.67,代开发票或办证,3
116.47,40.04,代开发票或办证,1
116.37,39.75,代开发票或办证,2
116.74000000000001,39.85,代开发票或办证,4
116.75,39.85,代开发票或办证,4
116.76,39.84,代开发票或办证,2
116.41,40.22,代开发票或办证,5
116.33,39.7,代开发票或办证,5
116.32000000000001,39.71,代开发票或办证,3
116.24000000000001,39.97,代开发票或办证,2
116.2,39.96,代开发票或办证,1
116.44,39.74,冒充机构诈骗,4
116.28,39.88,淫秽广告,2
116.27,39.88,淫秽广告,1
116.27,39.87,淫秽广告,1
116.45,39.74,冒充机构诈骗,10
116.29,39.980000000000004,冒充机构诈骗,17
116.34,39.910000000000004,冒充机构诈骗,15
116.25,40.2,代开发票或办证,2
116.36,40.03,冒充机构诈骗,4
116.32000000000001,39.89,其它诈骗,2
116.32000000000001,39.9,其它诈骗,2
116.33,39.9,其它诈骗,1
116.26,40.11,代开发票或办证,9
116.23,40.12,代开发票或办证,3
115.99000000000001,39.61,代开发票或办证,1
116.68,39.84,代开发票或办证,5
116.23,39.92,代开发票或办证,2
116.19,39.92,冒充机构诈骗,6
116.51,39.79,冒充机构诈骗,5
116.46000000000001,39.97,其它广告,2
116.26,39.75,冒充机构诈骗,1
116.17,39.89,代开发票或办证,2
116.28,40.18,代开发票或办证,1
116.37,39.77,代开发票或办证,1
116.38,39.77,代开发票或办证,2
116.5,39.76,房产广告,2
116.15,39.68,代开发票或办证,1
116.3,39.99,代开发票或办证,7
116.5,39.92,其它广告,4
116.39,40.04,代开发票或办证,1
116.44,39.99,其它广告,1
116.3,40.06,代开发票或办证,1
116.28,40.06,代开发票或办证,2
116.28,40.07,代开发票或办证,1
116.37,40.06,代开发票或办证,1
116.5,39.96,冒充机构诈骗,1
116.65,39.81,代开发票或办证,2
116.64,39.81,代开发票或办证,2
116.33,39.78,房产广告,3
116.35000000000001,39.88,房产广告,2
116.35000000000001,39.89,房产广告,1
116.36,39.89,房产广告,1
116.37,39.89,房产广告,1
116.16,39.76,其它诈骗,1
116.43,39.84,房产广告,7
116.5,39.910000000000004,其它广告,5
116.10000000000001,39.95,代开发票或办证,3
116.45,39.980000000000004,冒充机构诈骗,5
116.45,39.79,冒充机构诈骗,5
116.48,39.75,冒充机构诈骗,1
116.51,39.78,冒充机构诈骗,2
116.14,39.71,代开发票或办证,3
116.48,39.97,其它广告,1
116.25,40.11,代开发票或办证,2
116.35000000000001,40.03,其它诈骗,2
116.36,40.03,其它诈骗,1
116.60000000000001,40.02,代开发票或办证,3
116.56,39.94,冒充机构诈骗,6
116.26,39.82,代开发票或办证,1
116.49000000000001,40.0,冒充机构诈骗,2
116.21000000000001,40.22,代开发票或办证,5
116.17,40.22,代开发票或办证,1
116.57000000000001,39.72,房产广告,2
116.57000000000001,39.730000000000004,房产广告,3
116.3,40.11,其它广告,5
116.71000000000001,39.92,代开发票或办证,1
116.31,39.85,冒充机构诈骗,10
116.32000000000001,39.85,冒充机构诈骗,2
116.34,39.7,其它诈骗,2
116.35000000000001,39.69,其它诈骗,3
116.39,39.97,侮辱他人,2
116.44,40.07,代开发票或办证,1
116.47,40.050000000000004,代开发票或办证,1
116.76,39.87,代开发票或办证,1
116.83,39.85,代开发票或办证,1
116.84,39.85,代开发票或办证,1
116.31,39.93,其它诈骗,2
116.32000000000001,39.93,其它诈骗,1
116.32000000000001,39.94,其它诈骗,1
116.49000000000001,39.93,其它广告,5
116.53,39.87,房产广告,1
116.59,39.82,房产广告,1
116.58,39.82,房产广告,1
116.52,39.86,房产广告,1
116.41,40.19,代开发票或办证,4
116.4,40.19,代开发票或办证,7
116.53,39.82,代开发票或办证,1
116.55,39.83,代开发票或办证,9
116.34,39.99,冒充机构诈骗,9
115.99000000000001,39.68,代开发票或办证,3
116.38,39.72,代开发票或办证,1
116.37,39.72,代开发票或办证,1
116.4,39.71,代开发票或办证,5
116.58,39.83,代开发票或办证,2
116.59,39.85,代开发票或办证,3
116.36,40.04,冒充机构诈骗,5
116.34,39.980000000000004,其它广告,1
116.34,39.99,其它广告,1
116.38,39.82,冒充机构诈骗,1
116.49000000000001,39.78,冒充机构诈骗,3
116.10000000000001,39.69,代开发票或办证,1
116.22,40.14,代开发票或办证,2
116.13,39.95,冒充机构诈骗,19
116.44,39.9,其它广告,4
116.45,39.9,其它广告,3
116.25,39.980000000000004,代开发票或办证,1
116.27,39.980000000000004,代开发票或办证,1
116.48,39.87,其它广告,6
116.45,40.01,其它广告,1
116.2,39.92,冒充机构诈骗,11
116.48,39.9,其它广告,4
116.48,39.910000000000004,其它广告,4
116.49000000000001,39.9,其它广告,2
116.48,39.88,其它广告,1
116.78,39.94,代开发票或办证,1
116.4,40.0,冒充机构诈骗,1
116.4,40.02,冒充机构诈骗,1
116.37,39.93,其它广告,5
116.37,39.94,其它广告,2
116.29,39.75,代开发票或办证,2
116.52,39.9,贷款广告,5
116.51,39.9,贷款广告,3
116.35000000000001,40.01,冒充机构诈骗,1
116.28,40.11,冒充机构诈骗,1
116.08,40.28,冒充机构诈骗,1
116.34,39.94,冒充机构诈骗,3
116.33,39.94,冒充机构诈骗,1
116.46000000000001,39.83,冒充机构诈骗,2
116.17,39.800000000000004,代开发票或办证,1
116.25,40.18,代开发票或办证,1
116.57000000000001,39.88,冒充机构诈骗,2
116.54,39.9,冒充机构诈骗,4
116.54,39.89,冒充机构诈骗,1
116.60000000000001,39.87,冒充机构诈骗,1
116.5,39.82,淫秽广告,2
116.53,39.77,淫秽广告,2
116.56,39.730000000000004,代开发票或办证,2
116.27,39.72,代开发票或办证,4
116.26,40.01,代开发票或办证,10
116.56,39.730000000000004,房产广告,2
116.55,39.75,房产广告,4
116.56,39.74,房产广告,1
116.52,39.97,冒充机构诈骗,1
116.32000000000001,40.0,代开发票或办证,1
116.46000000000001,39.85,房产广告,1
116.10000000000001,39.6,冒充机构诈骗,1
116.11,39.64,冒充机构诈骗,2
116.47,40.02,冒充机构诈骗,1
116.56,39.95,其它广告,2
116.55,39.95,其它广告,3
116.66,39.89,淫秽广告,1
116.2,39.84,代开发票或办证,4
116.39,39.93,房产广告,1
116.43,39.9,房产广告,1
116.35000000000001,39.95,其它广告,1
116.18,39.730000000000004,代开发票或办证,7
116.77,39.63,代开发票或办证,1
116.8,39.69,代开发票或办证,2
116.8,39.7,代开发票或办证,2
116.53,39.95,冒充机构诈骗,3
116.54,39.93,冒充机构诈骗,1
116.54,39.92,冒充机构诈骗,12
116.52,39.800000000000004,冒充机构诈骗,1
116.61,39.7,冒充机构诈骗,1
116.57000000000001,39.76,代开发票或办证,1
116.24000000000001,39.660000000000004,代开发票或办证,3
116.26,39.92,其它诈骗,4
116.46000000000001,39.81,代开发票或办证,4
116.43,39.980000000000004,其它广告,3
116.3,39.97,其它诈骗,2
116.2,39.97,代开发票或办证,8
116.36,39.9,其它诈骗,1
116.37,39.9,其它诈骗,1
116.77,39.93,代开发票或办证,2
116.59,39.92,其它广告,2
116.59,39.93,其它广告,1
116.57000000000001,39.910000000000004,其它广告,1
117.12,40.14,代开发票或办证,8
116.37,39.67,代开发票或办证,1
116.37,39.68,代开发票或办证,1
116.4,39.69,代开发票或办证,1
116.46000000000001,40.03,代开发票或办证,4
116.86,40.37,冒充机构诈骗,2
116.85000000000001,40.37,冒充机构诈骗,3
116.26,39.96,代开发票或办证,2
116.32000000000001,40.160000000000004,代开发票或办证,1
116.31,39.78,房产广告,1
116.32000000000001,39.77,房产广告,1
116.34,39.77,房产广告,1
116.35000000000001,39.77,房产广告,1
116.51,39.980000000000004,代开发票或办证,2
116.99000000000001,40.35,代开发票或办证,1
116.36,39.88,其它广告,5
116.36,40.0,冒充机构诈骗,2
116.19,39.71,代开发票或办证,1
116.22,40.2,冒充机构诈骗,1
116.21000000000001,40.22,冒充机构诈骗,2
116.26,39.980000000000004,代开发票或办证,1
116.26,39.980000000000004,其它广告,1
116.44,39.96,其它广告,2
116.39,39.980000000000004,其它广告,5
116.46000000000001,40.07,侮辱他人,3
116.47,40.07,侮辱他人,1
116.57000000000001,39.93,代开发票或办证,4
116.66,39.88,冒充机构诈骗,3
116.51,40.08,代开发票或办证,1
116.34,39.85,冒充机构诈骗,5
116.09,39.68,代开发票或办证,2
116.3,39.87,代开发票或办证,5
116.46000000000001,39.78,代开发票或办证,6
116.38,39.67,冒充机构诈骗,1
116.28,39.83,房产广告,3
116.29,39.83,房产广告,2
116.44,40.02,代开发票或办证,5
116.5,39.910000000000004,冒充机构诈骗,11
116.57000000000001,39.95,代开发票或办证,3
116.45,39.79,房产广告,1
116.55,39.79,代开发票或办证,1
116.45,39.800000000000004,冒充机构诈骗,2
116.83,39.77,代开发票或办证,2
116.44,39.87,贷款广告,2
116.43,39.87,贷款广告,1
116.58,39.75,代开发票或办证,3
116.65,39.82,房产广告,2
116.79,40.6,冒充机构诈骗,2
116.23,39.93,代开发票或办证,1
116.27,39.9,其它广告,2
116.26,39.83,代开发票或办证,1
116.46000000000001,39.94,淫秽广告,18
116.43,40.02,冒充机构诈骗,1
116.44,40.03,冒充机构诈骗,2
116.49000000000001,39.74,代开发票或办证,2
116.48,39.89,贷款广告,1
116.47,40.11,代开发票或办证,3
115.97,39.61,冒充机构诈骗,1
116.43,39.97,其它广告,4
116.39,39.910000000000004,代开发票或办证,3
116.36,39.93,冒充机构诈骗,1
116.37,39.9,淫秽广告,11
116.42,40.1,代开发票或办证,2
116.8,39.76,代开发票或办证,2
116.25,39.81,冒充机构诈骗,3
116.25,39.95,冒充机构诈骗,6
116.34,39.96,淫秽广告,2
116.35000000000001,39.96,淫秽广告,6
116.59,40.08,淫秽广告,5
116.5,39.9,其它广告,1
116.46000000000001,40.11,代开发票或办证,1
116.46000000000001,40.13,代开发票或办证,1
116.58,39.910000000000004,淫秽广告,1
116.59,39.910000000000004,淫秽广告,8
116.37,39.980000000000004,淫秽广告,4
116.31,39.84,冒充机构诈骗,9
116.35000000000001,39.89,淫秽广告,1
116.34,39.88,淫秽广告,2
116.32000000000001,39.96,冒充机构诈骗,18
116.33,40.08,其它广告,1
116.34,40.08,其它广告,2
116.34,40.06,冒充机构诈骗,5
116.49000000000001,39.9,贷款广告,7
116.69,39.980000000000004,代开发票或办证,3
116.7,39.99,代开发票或办证,2
116.36,39.87,冒充机构诈骗,5
116.45,39.96,淫秽广告,4
116.31,39.86,冒充机构诈骗,4
116.22,40.2,代开发票或办证,1
116.4,39.9,淫秽广告,1
116.54,39.96,代开发票或办证,16
116.5,40.04,代开发票或办证,2
116.52,40.03,代开发票或办证,4
116.51,39.93,冒充机构诈骗,4
116.39,39.82,冒充机构诈骗,2
116.4,39.82,冒充机构诈骗,2
116.36,39.96,淫秽广告,12
116.38,39.97,淫秽广告,17
116.41,39.97,淫秽广告,1
116.27,39.94,其它广告,1
116.42,39.86,房产广告,1
116.4,39.87,房产广告,3
116.46000000000001,39.9,其它广告,1
116.47,40.07,代开发票或办证,9
116.46000000000001,39.85,淫秽广告,4
116.47,39.84,淫秽广告,2
116.5,39.86,房产广告,2
116.4,39.9,其它广告,1
116.34,40.13,代开发票或办证,5
116.42,39.92,冒充机构诈骗,2
116.46000000000001,39.96,淫秽广告,2
116.46000000000001,39.95,淫秽广告,4
116.36,39.94,冒充机构诈骗,1
116.36,39.92,冒充机构诈骗,2
116.24000000000001,39.93,冒充机构诈骗,2
116.47,39.9,贷款广告,6
116.76,39.95,代开发票或办证,4
116.10000000000001,39.7,代开发票或办证,2
116.24000000000001,39.94,冒充机构诈骗,3
116.36,39.910000000000004,淫秽广告,8
116.33,39.86,冒充机构诈骗,1
116.48,39.96,房产广告,2
116.22,39.94,冒充机构诈骗,1
116.48,39.86,其它广告,4
116.35000000000001,40.06,代开发票或办证,2
116.14,39.94,冒充机构诈骗,1
116.66,39.9,冒充机构诈骗,6
116.67,39.9,冒充机构诈骗,1
116.11,39.96,冒充机构诈骗,5
116.10000000000001,39.96,冒充机构诈骗,4
116.74000000000001,39.94,代开发票或办证,6
116.36,40.02,代开发票或办证,1
116.3,40.04,冒充机构诈骗,1
116.63,39.88,冒充机构诈骗,4
116.31,39.75,代开发票或办证,1
116.42,39.82,房产广告,4
116.21000000000001,39.84,淫秽广告,2
116.17,39.78,淫秽广告,2
116.16,39.77,淫秽广告,2
116.36,39.97,其它诈骗,3
116.35000000000001,39.97,其它诈骗,2
116.57000000000001,39.86,代开发票或办证,1
116.08,39.67,代开发票或办证,2
116.08,39.68,代开发票或办证,1
116.49000000000001,39.99,其它广告,3
116.48,39.980000000000004,其它广告,2
116.39,39.78,代开发票或办证,3
116.34,39.81,冒充机构诈骗,2
116.58,39.84,代开发票或办证,1
116.55,40.0,代开发票或办证,3
116.41,40.0,冒充机构诈骗,1
116.11,39.95,冒充机构诈骗,6
116.49000000000001,39.82,代开发票或办证,3
116.3,39.94,冒充机构诈骗,4
116.73,39.9,代开发票或办证,2
116.44,39.96,淫秽广告,4
116.43,39.96,淫秽广告,2
116.39,40.0,冒充机构诈骗,14
116.07000000000001,39.67,冒充机构诈骗,3
116.06,39.67,冒充机构诈骗,3
116.06,39.65,冒充机构诈骗,6
116.4,39.87,冒充机构诈骗,3
116.43,40.06,冒充机构诈骗,1
116.41,40.1,冒充机构诈骗,3
116.47,39.95,冒充机构诈骗,2
116.03,39.61,代开发票或办证,2
116.13,39.75,代开发票或办证,3
116.66,39.92,淫秽广告,2
116.66,39.910000000000004,淫秽广告,2
116.36,39.99,淫秽广告,4
116.35000000000001,39.99,淫秽广告,1
116.51,39.87,淫秽广告,2
116.51,39.86,淫秽广告,5
116.55,39.72,代开发票或办证,1
116.49000000000001,39.94,淫秽广告,2
116.22,39.9,代开发票或办证,2
116.11,39.94,冒充机构诈骗,3
116.34,39.87,冒充机构诈骗,3
116.3,40.050000000000004,其它诈骗,4
116.39,39.97,淫秽广告,4
116.35000000000001,39.75,代开发票或办证,7
116.57000000000001,39.9,冒充机构诈骗,9
116.42,39.94,其它广告,3
116.08,39.59,代开发票或办证,2
116.46000000000001,40.1,代开发票或办证,1
116.44,40.1,代开发票或办证,2
116.55,39.94,冒充机构诈骗,5
116.16,39.74,冒充机构诈骗,4
116.08,39.94,代开发票或办证,1
116.27,39.93,淫秽广告,1
116.32000000000001,39.96,淫秽广告,1
116.41,39.82,房产广告,1
116.42,39.83,房产广告,2
116.44,39.910000000000004,房产广告,4
116.42,39.87,冒充机构诈骗,3
116.2,39.910000000000004,代开发票或办证,2
116.49000000000001,39.96,淫秽广告,6
116.24000000000001,39.69,代开发票或办证,1
116.63,39.75,代开发票或办证,5
116.10000000000001,39.730000000000004,冒充机构诈骗,1
116.24000000000001,39.88,贷款广告,1
116.36,40.11,代开发票或办证,2
116.37,39.94,冒充机构诈骗,4
116.45,39.92,房产广告,1
116.34,39.89,淫秽广告,4
116.12,39.93,侮辱他人,1
116.11,39.93,侮辱他人,3
116.11,39.94,侮辱他人,1
116.12,39.93,代开发票或办证,1
116.11,39.94,代开发票或办证,1
116.21000000000001,39.86,淫秽广告,8
116.21000000000001,39.87,淫秽广告,2
116.21000000000001,39.87,代开发票或办证,1
116.25,39.85,代开发票或办证,4
116.28,39.89,冒充机构诈骗,1
116.37,39.97,淫秽广告,1
116.16,40.160000000000004,代开发票或办证,1
116.48,39.9,贷款广告,2
116.48,39.910000000000004,贷款广告,4
116.67,39.96,代开发票或办证,1
116.67,39.980000000000004,代开发票或办证,2
116.74000000000001,39.89,代开发票或办证,3
116.26,40.13,代开发票或办证,2
116.58,40.07,淫秽广告,8
116.58,40.06,淫秽广告,1
116.27,39.9,淫秽广告,1
116.27,39.910000000000004,淫秽广告,1
116.26,40.04,代开发票或办证,3
116.36,39.85,淫秽广告,4
116.37,39.83,淫秽广告,2
116.37,39.84,淫秽广告,2
116.37,39.85,淫秽广告,2
116.23,39.87,其它诈骗,5
116.48,40.01,冒充机构诈骗,3
116.28,39.97,冒充机构诈骗,2
116.27,39.97,代开发票或办证,2
116.35000000000001,39.93,冒充机构诈骗,13
116.42,39.800000000000004,冒充机构诈骗,8
116.54,39.77,代开发票或办证,1
116.32000000000001,40.06,冒充机构诈骗,1
116.5,39.81,房产广告,1
116.5,39.83,房产广告,2
116.55,39.78,代开发票或办证,2
116.44,39.85,淫秽广告,4
116.43,39.85,淫秽广告,2
116.60000000000001,39.87,代开发票或办证,2
116.61,39.87,代开发票或办证,1
116.53,39.96,冒充机构诈骗,1
116.15,39.78,冒充机构诈骗,1
116.15,39.77,冒充机构诈骗,1
116.14,39.78,冒充机构诈骗,1
116.11,39.79,冒充机构诈骗,1
116.36,40.03,代开发票或办证,3
116.65,39.95,代开发票或办证,5
116.65,39.94,代开发票或办证,1
116.65,39.96,代开发票或办证,6
116.36,40.050000000000004,代开发票或办证,2
116.75,39.93,代开发票或办证,1
116.53,40.04,冒充机构诈骗,4
116.47,39.800000000000004,冒充机构诈骗,3
116.58,40.07,代开发票或办证,1
116.58,40.06,代开发票或办证,5
116.58,40.04,代开发票或办证,1
116.35000000000001,39.7,冒充机构诈骗,4
116.54,39.910000000000004,淫秽广告,8
116.55,39.910000000000004,淫秽广告,2
116.2,39.89,代开发票或办证,2
116.49000000000001,39.82,其它广告,1
116.49000000000001,39.83,其它广告,2
115.98,40.47,代开发票或办证,2
115.98,40.46,代开发票或办证,2
116.32000000000001,39.84,冒充机构诈骗,4
116.35000000000001,39.72,冒充机构诈骗,1
116.55,39.81,淫秽广告,10
116.34,39.800000000000004,冒充机构诈骗,2
116.39,39.9,淫秽广告,6
116.38,39.9,淫秽广告,4
116.35000000000001,39.86,淫秽广告,3
116.35000000000001,39.87,淫秽广告,1
116.33,39.99,淫秽广告,4
116.39,39.81,冒充机构诈骗,6
116.51,39.89,其它广告,1
116.46000000000001,39.99,淫秽广告,3
116.47,39.99,淫秽广告,2
116.68,39.910000000000004,房产广告,3
116.67,39.9,房产广告,2
116.41,39.72,冒充机构诈骗,2
116.74000000000001,40.07,代开发票或办证,1
116.81,40.15,代开发票或办证,1
116.63,40.03,代开发票或办证,1
116.66,40.050000000000004,代开发票或办证,2
116.36,39.83,冒充机构诈骗,8
116.44,39.95,淫秽广告,8
116.36,39.86,侮辱他人,1
116.29,39.9,淫秽广告,2
116.48,40.1,代开发票或办证,1
116.49000000000001,40.1,代开发票或办证,1
116.56,40.01,代开发票或办证,4
116.37,40.08,代开发票或办证,4
116.36,40.07,代开发票或办证,2
116.05,39.74,冒充机构诈骗,8
116.76,39.93,淫秽广告,2
116.2,39.84,冒充机构诈骗,6
116.21000000000001,39.84,冒充机构诈骗,4
116.29,39.69,代开发票或办证,1
116.28,39.69,代开发票或办证,2
116.27,39.69,代开发票或办证,1
116.62,39.9,其它广告,2
116.61,39.9,其它广告,2
116.21000000000001,39.93,冒充机构诈骗,4
116.22,39.93,冒充机构诈骗,4
116.22,39.92,冒充机构诈骗,2
116.11,39.93,冒充机构诈骗,1
116.25,40.01,代开发票或办证,3
116.42,39.82,冒充机构诈骗,1
116.43,39.78,冒充机构诈骗,1
116.42,39.76,冒充机构诈骗,1
116.38,39.87,冒充机构诈骗,2
116.26,39.95,代开发票或办证,2
116.46000000000001,39.800000000000004,冒充机构诈骗,2
116.38,39.89,其它广告,2
116.39,39.89,其它广告,1
116.49000000000001,39.92,其它广告,1
116.31,40.06,冒充机构诈骗,1
116.36,40.08,代开发票或办证,1
116.61,39.910000000000004,冒充机构诈骗,2
116.65,39.94,冒充机构诈骗,2
116.44,39.77,代开发票或办证,1
115.99000000000001,40.46,代开发票或办证,3
116.21000000000001,40.230000000000004,代开发票或办证,2
116.37,39.92,淫秽广告,4
116.36,39.92,淫秽广告,1
116.66,39.96,代开发票或办证,2
116.55,40.07,冒充机构诈骗,1
116.39,39.74,代开发票或办证,1
116.41,39.800000000000004,房产广告,2
116.41,39.79,房产广告,1
116.26,39.94,冒充机构诈骗,2
116.62,39.86,代开发票或办证,5
116.44,40.02,冒充机构诈骗,2
116.44,40.01,冒充机构诈骗,1
116.45,40.02,冒充机构诈骗,3
116.25,39.94,淫秽广告,2
116.24000000000001,39.94,淫秽广告,4
116.23,39.95,淫秽广告,2
116.25,39.94,代开发票或办证,1
116.7,39.94,代开发票或办证,3
116.43,39.99,其它广告,2
116.44,39.97,其它广告,1
116.5,39.75,冒充机构诈骗,1
116.37,39.94,淫秽广告,2
116.66,39.94,代开发票或办证,2
116.41,39.72,代开发票或办证,1
116.44,39.550000000000004,代开发票或办证,1
116.26,39.95,冒充机构诈骗,2
116.3,39.87,冒充机构诈骗,2
116.53,40.09,代开发票或办证,1
116.73,39.93,代开发票或办证,4
116.37,40.02,冒充机构诈骗,2
116.60000000000001,39.9,冒充机构诈骗,4
116.73,39.92,冒充机构诈骗,2
116.73,39.93,冒充机构诈骗,2
116.59,39.89,冒充机构诈骗,4
116.28,40.01,淫秽广告,2
116.28,40.04,淫秽广告,2
116.43,39.800000000000004,冒充机构诈骗,3
116.48,39.83,其它广告,1
116.53,39.800000000000004,其它广告,1
116.59,40.07,其它诈骗,2
116.61,40.050000000000004,其它诈骗,2
116.61,40.04,其它诈骗,1
116.58,40.050000000000004,代开发票或办证,1
116.43,39.93,房产广告,3
116.37,40.06,冒充机构诈骗,2
116.51,39.99,代开发票或办证,4
116.39,39.87,房产广告,2
116.47,39.72,代开发票或办证,3
116.31,39.74,代开发票或办证,3
116.45,39.95,淫秽广告,8
116.5,39.88,淫秽广告,2
116.57000000000001,40.06,冒充机构诈骗,8
116.26,39.94,代开发票或办证,1
116.57000000000001,40.04,代开发票或办证,3
116.56,40.04,代开发票或办证,1
116.32000000000001,39.6,代开发票或办证,1
116.58,39.97,冒充机构诈骗,8
116.31,39.69,代开发票或办证,1
116.27,39.69,冒充机构诈骗,5
116.15,39.71,代开发票或办证,3
116.4,39.89,冒充机构诈骗,3
116.35000000000001,40.04,其它广告,2
116.44,39.83,冒充机构诈骗,2
116.45,39.83,冒充机构诈骗,1
116.37,39.87,淫秽广告,2
116.37,39.86,淫秽广告,2
116.10000000000001,39.71,冒充机构诈骗,2
116.35000000000001,40.0,其它广告,3
116.48,39.88,贷款广告,5
116.27,40.04,代开发票或办证,3
116.16,39.910000000000004,冒充机构诈骗,3
116.56,40.06,代开发票或办证,4
116.56,40.07,代开发票或办证,1
116.32000000000001,39.49,房产广告,2
116.74000000000001,39.87,代开发票或办证,1
116.35000000000001,40.02,淫秽广告,1
116.4,40.06,淫秽广告,1
116.26,39.81,代开发票或办证,2
116.32000000000001,39.5,房产广告,1
116.72,39.71,代开发票或办证,1
116.73,39.71,代开发票或办证,1
116.74000000000001,39.68,代开发票或办证,1
116.75,40.0,代开发票或办证,1
116.4,39.93,淫秽广告,2
116.58,39.99,代开发票或办证,1
116.59,40.0,代开发票或办证,1
116.41,39.78,代开发票或办证,2
116.46000000000001,39.980000000000004,淫秽广告,4
116.35000000000001,39.67,代开发票或办证,2
116.17,39.910000000000004,冒充机构诈骗,1
116.3,39.660000000000004,代开发票或办证,2
116.43,40.1,代开发票或办证,1
116.45,40.11,代开发票或办证,1
116.37,40.02,代开发票或办证,1
116.53,39.92,冒充机构诈骗,4
116.41,39.79,冒充机构诈骗,1
116.59,40.07,冒充机构诈骗,1
116.59,40.08,冒充机构诈骗,1
116.41,39.85,淫秽广告,4
116.39,39.800000000000004,淫秽广告,12
116.39,39.79,淫秽广告,4
116.18,39.78,冒充机构诈骗,1
116.62,39.980000000000004,代开发票或办证,10
115.88,39.56,房产广告,3
116.42,39.88,淫秽广告,1
116.60000000000001,39.93,冒充机构诈骗,1
117.08,40.08,代开发票或办证,4
117.11,40.09,代开发票或办证,2
117.08,40.08,冒充机构诈骗,4
117.11,40.09,冒充机构诈骗,2
116.3,39.99,冒充机构诈骗,6
116.28,40.12,代开发票或办证,3
116.28,40.13,代开发票或办证,2
116.35000000000001,39.61,代开发票或办证,6
116.51,39.62,代开发票或办证,2
116.43,39.83,其它广告,1
116.14,39.93,冒充机构诈骗,1
116.59,39.92,淫秽广告,2
116.38,39.93,冒充机构诈骗,1
116.34,39.7,代开发票或办证,1
116.47,39.99,房产广告,4
116.3,39.82,冒充机构诈骗,2
116.39,39.99,其它广告,3
116.45,39.94,淫秽广告,3
116.44,39.77,冒充机构诈骗,3
116.44,39.76,冒充机构诈骗,3
116.49000000000001,39.94,冒充机构诈骗,6
116.31,39.62,代开发票或办证,1
116.48,39.550000000000004,代开发票或办证,1
116.47,39.56,代开发票或办证,2
116.25,40.0,冒充机构诈骗,2
116.39,39.910000000000004,淫秽广告,1
116.24000000000001,39.86,淫秽广告,16
116.14,39.64,冒充机构诈骗,1
116.15,39.62,冒充机构诈骗,2
116.13,39.6,冒充机构诈骗,1
116.13,39.7,代开发票或办证,1
116.35000000000001,39.94,淫秽广告,2
116.54,40.02,淫秽广告,2
